timestamp,seq,millis,q0,q1,q2,s0_ax,s0_ay,s0_az,s0_gx,s0_gy,s0_gz,s1_ax,s1_ay,s1_az,s1_gx,s1_gy,s1_gz,s2_ax,s2_ay,s2_az,s2_gx,s2_gy,s2_gz
2025-10-12T22:59:20.376,32988,366611,0,0,0,-9.89394187927246,-1.0353401899337769,-2.7062735557556152,0.0619310736656188,0.1541326344013214,-0.0248269364237785,-9.574504852294922,8.224655151367188,-0.1903679072856903,0.2276919037103653,0.0137159116566181,0.0794337019324302,10.952763557434082,1.9338221549987793,4.158665180206299,-0.1165556013584137,-0.1163464188575744,-0.0544592514634132
2025-10-12T22:59:20.385,32989,366620,0,0,0,-9.841269493103027,-1.0377343893051147,-2.80204176902771,0.0291561782360076,0.1951678544282913,-0.0232281610369682,-9.87138557434082,8.57181453704834,-0.3842982351779938,0.1509507000446319,0.0555505193769931,0.165234625339508,11.28555679321289,1.873966932296753,4.062897205352783,-0.0248925108462572,-0.1184781193733215,-0.0632525086402893
2025-10-12T22:59:20.394,32990,366629,0,0,0,-9.841269493103027,-1.0377343893051147,-2.8523199558258057,-0.0028193145990371,0.2396670877933502,-0.0131025873124599,-10.295159339904783,9.017135620117188,-0.5686517953872681,0.080604612827301,0.1234984472393989,0.2742177844047546,11.663841247558594,2.139723300933838,4.050926208496094,0.0646388754248619,-0.1051549911499023,-0.0629860460758209
2025-10-12T22:59:20.403,32991,366638,0,0,0,-9.85802936553955,-0.9395720958709716,-2.6966967582702637,-0.0254686325788497,0.28256756067276,-0.0040428638458251,-10.276005744934082,9.261344909667969,-0.6404777765274048,0.0627516210079193,0.1640007644891739,0.3800033926963806,11.682994842529297,2.642505645751953,4.25922155380249,0.1024765521287918,-0.0627874583005905,-0.0749768614768982
2025-10-12T22:59:20.412,32992,366647,0,0,0,-9.838875770568848,-0.8461982011795044,-2.5650157928466797,-0.0326631143689155,0.3270667791366577,0.0007534604519605,-9.806742668151855,9.20627784729004,-0.4513358771800995,0.0808710753917694,0.1338904947042465,0.4607414901256561,11.295133590698242,3.1404995918273926,4.261615753173828,0.1099375039339065,-0.0380064472556114,-0.1186767071485519
2025-10-12T22:59:20.421,32993,366656,0,0,0,-9.719165802001951,-0.7624012231826782,-2.538679599761963,-0.0299984887242317,0.3651708960533142,-0.0011117756366729,-9.366209030151367,8.988405227661133,-0.3148663938045501,0.0766076743602752,0.0659425556659698,0.5020431876182556,10.873754501342772,3.377525806427002,4.029378414154053,0.1309880465269088,-0.048398483544588,-0.1722356677055359
2025-10-12T22:59:20.430,32994,366665,0,0,0,-9.618609428405762,-0.6402969360351562,-2.4764304161071777,-0.0220046192407608,0.3920836448669433,-0.0104379635304212,-9.232133865356444,8.744196891784668,-0.2597997486591339,0.0291773527860641,0.0384969189763069,0.5076388716697693,10.667853355407717,3.4589285850524902,3.8378419876098633,0.140847161412239,-0.0633203834295272,-0.2106062471866607
2025-10-12T22:59:20.439,32995,366674,0,0,0,-9.55396556854248,-0.4798853695392608,-2.509949207305908,-0.0078821033239364,0.4224603176116943,-0.0208299998193979,-9.222557067871094,8.440133094787598,-0.257405549287796,-0.0361059568822383,0.0606133043766021,0.4871213138103485,10.579267501831056,3.528360366821289,3.9192452430725098,0.1104704216122627,-0.0715807229280471,-0.2297915518283844
2025-10-12T22:59:20.450,32996,366683,0,0,0,-9.594667434692385,-0.3075028657913208,-2.6559953689575195,0.0049080997705459,0.4698906540870666,-0.0261592492461204,-9.16988468170166,8.15282917022705,-0.4082402884960174,-0.1051197350025177,0.0864601656794548,0.4692683219909668,10.610392570495604,3.485264778137207,4.053320407867432,0.0697016716003418,-0.0862361565232276,-0.2441805303096771
2025-10-12T22:59:20.457,32997,366692,0,0,0,-9.64255142211914,-0.2524362206459045,-2.6559953689575195,0.0094379484653472,0.5205185413360596,-0.0221623126417398,-9.172279357910156,7.915802955627441,-0.5782285928726196,-0.1914535760879516,0.1024479120969772,0.4759298861026764,10.785168647766112,3.22190260887146,4.019801616668701,0.0742315351963043,-0.1131488680839538,-0.261500597000122
2025-10-12T22:59:20.467,32998,366701,0,0,0,-9.664098739624023,-0.302714467048645,-2.711061954498291,0.0094379484653472,0.5727452039718628,-0.0147013626992702,-9.31593132019043,7.808063983917236,-0.7338516712188721,-0.3060324788093567,0.1213667467236518,0.5201626420021057,11.022194862365724,2.7478506565093994,3.902485847473145,0.1168655380606651,-0.1280707567930221,-0.2833505272865295
2025-10-12T22:59:20.475,32999,366710,0,0,0,-9.690435409545898,-0.4224245548248291,-2.8810503482818604,-0.0020199418067932,0.6380284428596497,-0.006441025994718,-9.593658447265623,8.047484397888184,-0.6811792850494385,-0.426207035779953,0.1605367362499237,0.6107598543167114,11.321470260620115,2.427027702331543,3.81868839263916,0.1698915660381317,-0.1203433573246002,-0.2998711764812469
2025-10-12T22:59:20.484,33000,366719,0,0,0,-9.714377403259276,-0.5660766363143921,-2.9672417640686035,-0.0201393812894821,0.7113056182861328,-0.0021776258945465,-9.524226188659668,8.593362808227539,-0.4345764815807342,-0.4632453024387359,0.2037036716938018,0.7277369499206543,11.414843559265137,2.2833755016326904,3.81868839263916,0.200001835823059,-0.1027568355202674,-0.3198558688163757
2025-10-12T22:59:20.493,33001,366728,0,0,0,-9.70240592956543,-0.6738157272338867,-2.885838747024536,-0.0307978764176368,0.7989718317985535,-0.0045757889747619,-9.01186752319336,9.127269744873049,-0.2741649448871612,-0.4078211188316345,0.197575032711029,0.8404505252838135,11.189788818359377,2.0559263229370117,3.7851696014404297,0.2277139276266098,-0.0904995575547218,-0.3531636893749237
2025-10-12T22:59:20.504,33002,366737,0,0,0,-9.625791549682615,-0.7624012231826782,-2.842743158340454,-0.0307978764176368,0.8858385682106018,-0.0133690498769283,-8.451623916625977,9.500764846801758,-0.3459909856319427,-0.3260171413421631,0.1426837593317031,0.924119770526886,10.902484893798828,1.7470743656158447,3.5481438636779785,0.3185776472091675,-0.1214092075824737,-0.3976629078388214
2025-10-12T22:59:20.511,33003,366746,0,0,0,-9.34088134765625,-0.8007084131240845,-2.2537693977355957,-0.035061277449131,0.9231433272361756,-0.0229617003351449,-8.149954795837402,9.766521453857422,-0.2286751270294189,-0.2602008879184723,0.0840620025992393,0.9808762669563292,10.742073059082031,1.5722975730895996,3.5696916580200195,0.3652085661888122,-0.1456572860479354,-0.4624133110046386
2025-10-12T22:59:20.520,33004,366755,0,0,0,-8.79739761352539,-0.8653517961502075,-1.6121234893798828,-0.0262680202722549,0.8890361785888672,-0.0346860513091087,-8.092494010925293,9.862289428710938,0.1448203325271606,-0.1861243247985839,0.0209103990346193,1.0323034524917605,10.5720853805542,1.6417293548583984,3.9240336418151855,0.3412269353866577,-0.1467231214046478,-0.5535435080528259
2025-10-12T22:59:20.529,33005,366764,0,0,0,-8.42390251159668,-0.8629575967788696,-1.8252074718475344,0.0051745623350143,0.907688558101654,-0.0488085597753524,-8.216992378234863,9.953269004821776,0.2405883967876434,-0.1053861826658248,-0.0401095114648342,1.1045148372650146,10.591238975524902,1.941004753112793,4.072474002838135,0.3763999938964844,-0.1784321665763855,-0.647871196269989
2025-10-12T22:59:20.538,33006,366773,0,0,0,-8.162934303283691,-0.7839490175247192,-1.9257638454437256,0.0342189669609069,0.9623132944107056,-0.0514731854200363,-8.391769409179688,9.984394073486328,-0.0993882417678833,-0.0638180524110794,-0.0768813341856002,1.204704761505127,10.768409729003906,2.3073174953460693,4.019801616668701,0.4105072021484375,-0.1986833065748214,-0.7291423082351685
2025-10-12T22:59:20.547,33007,366782,0,0,0,-7.851687908172607,-0.7193055152893066,-2.095752239227295,0.0443445295095443,0.9926900267601012,-0.042946383357048,-8.585699081420898,9.867076873779297,-0.1736084818840026,-0.1983816027641296,-0.0539655573666095,1.3352713584899902,10.876148223876951,3.174018383026123,4.220914363861084,0.4185010492801666,-0.1960186809301376,-0.7645817995071411
2025-10-12T22:59:20.556,33008,366791,0,0,0,-7.597902297973633,-0.6067780256271362,-2.2561635971069336,0.0424793064594268,0.9804328083992004,-0.0298897251486778,-9.256075859069824,9.34274673461914,0.2118579745292663,-0.3897016644477844,-0.1085903644561767,1.3877644538879397,10.868966102600098,4.550684452056885,4.572862148284912,0.490978866815567,-0.1445914357900619,-0.7480611205101013
2025-10-12T22:59:20.565,33009,366800,0,0,0,-7.380030155181885,-0.4607317447662353,-2.2992591857910156,0.0307549536228179,0.940196931362152,-0.0144349001348018,-9.603235244750977,8.296481132507324,0.8989938497543335,-0.4845623075962066,-0.2300972640514373,1.3597859144210815,10.687006950378418,5.642440319061279,4.659053325653076,0.4816526770591736,-0.0822392255067825,-0.7371361255645752
2025-10-12T22:59:20.577,33010,366809,0,0,0,-7.3177809715271,-0.2572246193885803,-2.3878448009490967,0.0302220284938812,0.9212781190872192,0.001819310709834,-9.411699295043944,7.207119464874268,1.0426459312438965,-0.4299375116825104,-0.3422779440879822,1.315286636352539,10.42603874206543,6.221837043762207,4.185001373291016,0.4259620308876037,-0.1179451942443847,-0.7555220723152161
2025-10-12T22:59:20.583,33011,366818,0,0,0,-7.394395351409912,0.0157143771648406,-2.4620652198791504,0.0355512797832489,0.9362000226974488,0.0199387613683938,-9.16988468170166,6.658847332000732,0.7529475688934326,-0.1696036607027053,-0.3782504200935364,1.316885471343994,10.33745288848877,6.633639812469482,3.871361255645752,0.2468992173671722,-0.1901565194129943,-0.7747073173522949
2025-10-12T22:59:20.592,33012,366827,0,0,0,-7.459038734436035,0.2311925292015075,-2.1699724197387695,0.0368835926055908,0.9436609148979188,0.0372588187456131,-8.80836009979248,6.979670524597168,0.3579042851924896,0.2498082965612411,-0.3492059707641601,1.3858991861343384,10.485894203186035,6.710254669189453,3.8306593894958496,-0.0576673969626426,-0.2543739676475525,-0.8029523491859436
2025-10-12T22:59:20.601,33013,366836,0,0,0,-7.48776912689209,0.2862591445446014,-2.0167436599731445,0.0472756177186965,0.9556517601013184,0.0377917438745498,-8.365432739257812,7.894255638122559,0.1998869776725769,0.6377776861190796,-0.3111018240451813,1.4831581115722656,10.67503547668457,6.092550277709961,3.600816249847412,-0.3148036897182464,-0.3399084210395813,-0.8852893114089966
2025-10-12T22:59:20.612,33014,366845,0,0,0,-7.633815288543701,0.2455577254295349,-2.06702184677124,0.0613981336355209,1.0078784227371216,0.0276661720126867,-7.788430213928223,9.00037670135498,-0.0850230157375335,0.7952569723129272,-0.2788598835468292,1.586012601852417,10.885725021362305,4.948122024536133,3.426039695739746,-0.4904024600982666,-0.4249099493026733,-1.0134576559066772
2025-10-12T22:59:20.619,33015,366854,0,0,0,-7.679305076599121,0.1545780599117279,-2.028714656829834,0.0568682849407196,1.068365454673767,0.0164747480303049,-7.240158081054688,9.847923278808594,-0.7218806743621826,0.6367117762565613,-0.2223698496818542,1.6920645236968994,10.986282348632812,3.26739239692688,3.112399101257324,-0.4975969493389129,-0.4763372242450714,-1.1333658695220947
2025-10-12T22:59:20.628,33016,366863,0,0,0,-7.660151481628418,0.0181085765361785,-2.560227394104004,0.0267580151557922,1.1179274320602417,0.0148759726434946,-7.304801464080811,10.26930332183838,-0.5542865991592407,0.2399491667747497,-0.1645474731922149,1.768539309501648,10.818687438964844,2.470123291015625,3.804323196411133,-0.3872814774513244,-0.4137185215950012,-1.160544991493225
2025-10-12T22:59:20.639,33017,366872,0,0,0,-7.559595108032227,-0.0273812562227249,-3.0151257514953613,-0.0305314138531684,1.1360468864440918,0.0252680089324712,-8.224174499511719,10.271697998046877,-0.0634752213954925,-0.0281120799481868,-0.0792794972658157,1.795984983444214,10.794745445251465,3.1476821899414062,4.991847515106201,-0.1229507029056549,-0.2557062804698944,-1.051028847694397
2025-10-12T22:59:20.646,33018,366881,0,0,0,-7.207647323608398,-0.0321696549654006,-2.80204176902771,-0.070234328508377,1.0939457416534424,0.0396569818258285,-8.815543174743652,10.216630935668944,-0.3603562414646148,-0.0654168277978897,0.0917894169688224,1.8063770532608032,10.971917152404783,4.050296306610107,4.8481950759887695,0.2295791655778885,-0.1203433573246002,-0.898345947265625
2025-10-12T22:59:20.655,33019,366890,0,0,0,-6.9227375984191895,-0.0201986581087112,-2.8738677501678467,-0.0449203923344612,1.0702307224273682,0.0404563695192337,-8.43725872039795,10.116074562072754,-0.5327388048171997,0.0331742912530899,0.2399425655603408,1.795984983444214,10.955157279968262,4.991217613220215,3.9958596229553223,0.4792545139789581,-0.1190110445022583,-0.8042846322059631
2025-10-12T22:59:20.664,33020,366899,0,0,0,-6.920343399047852,-0.1016015112400055,-2.694302558898926,-0.0004211515188217,1.067033052444458,0.0252680089324712,-8.092494010925293,10.108892440795898,-0.4585184752941131,0.0046628043055534,0.2164938598871231,1.8095744848251345,10.959945678710938,6.200289726257324,3.3206944465637207,0.5533310174942017,-0.2042790353298187,-0.7880304455757141
2025-10-12T22:59:20.674,33021,366908,0,0,0,-7.267502784729004,-0.1255435347557068,-2.4764304161071777,0.0302220284938812,1.0566411018371582,0.0002205371856689,-8.054186820983887,10.013124465942385,-0.8607443571090698,-0.1991809904575348,0.125896617770195,1.842082977294922,10.969522476196287,6.9640398025512695,2.5090603828430176,0.5304152369499207,-0.2911458015441894,-0.822404146194458
2025-10-12T22:59:20.683,33022,366918,0,0,0,-7.92830228805542,-0.0609000772237777,-2.509949207305908,0.0302220284938812,1.0678324699401855,-0.0125696631148457,-8.228962898254395,9.665964126586914,-1.2294514179229736,-0.590880811214447,0.0574157573282718,1.8412835597991943,10.988676071166992,7.349506378173828,2.738903522491455,0.3001917004585266,-0.2970079779624939,-0.8634393811225891
2025-10-12T22:59:20.692,33023,366927,0,0,0,-8.447844505310059,0.0013491660356521,-2.227433204650879,0.0166324377059936,1.08435320854187,-0.0048422515392303,-8.339097023010254,9.36429500579834,-1.0953761339187622,-0.8208379149436951,0.0089195873588323,1.7714704275131226,11.096415519714355,7.536253929138184,3.279993057250977,0.1096710413694381,-0.255439817905426,-0.8964806795120239
2025-10-12T22:59:20.701,33024,366936,0,0,0,-8.720783233642578,-0.0968131124973297,-2.1699724197387695,0.0192970633506774,1.1165951490402222,0.0199387613683938,-8.195444107055664,8.880666732788086,-0.5854111909866333,-0.8592085242271423,-0.0390436612069606,1.6917980909347534,10.995859146118164,6.91855001449585,3.007054328918457,0.0148103991523385,-0.2485118061304092,-0.9452432990074158
2025-10-12T22:59:20.712,33025,366945,0,0,0,-8.665717124938965,-0.3218680620193481,-2.7661285400390625,0.0200964510440826,1.169621229171753,0.0527136474847793,-7.960813045501709,8.507170677185059,0.2549536228179931,-0.8560109734535217,-0.0611600466072559,1.634775161743164,10.701372146606444,6.269721031188965,3.2392916679382324,-0.0555356964468956,-0.2676970958709717,-0.9756200313568116
2025-10-12T22:59:20.719,33026,366954,0,0,0,-8.519670486450195,-0.3984825015068054,-3.510725498199463,-0.007615640759468,1.2149198055267334,0.081758052110672,-7.879410266876221,8.84235954284668,0.523104190826416,-0.6998639702796936,-0.0630252808332443,1.6241166591644287,10.631939888000488,6.195501327514648,3.6630654335021977,-0.0440778099000453,-0.2695623338222503,-0.951105535030365
2025-10-12T22:59:20.728,33027,366963,0,0,0,-8.246731758117676,-0.4655201733112335,-4.178707599639893,-0.0518484115600585,1.2442306280136108,0.1062726005911827,-7.977572441101074,9.615686416625977,-0.1760026812553405,-0.3441365659236908,-0.0560972616076469,1.6518287658691406,10.593632698059082,6.430132865905762,3.7396798133850098,-0.0171650983393192,-0.2165362983942031,-0.8996782898902893
2025-10-12T22:59:20.737,33028,366972,0,0,0,-7.978580474853516,-0.4272129535675049,-4.260110378265381,-0.107805535197258,1.21385395526886,0.1209280416369438,-8.185867309570312,10.338735580444336,-1.385074496269226,-0.0486296899616718,-0.0707526952028274,1.6851365566253662,10.864177703857422,7.280074119567871,3.5457496643066406,0.051582220941782,-0.2056113481521606,-0.8434547185897827
2025-10-12T22:59:20.746,33029,366981,0,0,0,-7.844505310058594,-0.3290506601333618,-4.375032424926758,-0.1387151777744293,1.1792138814926147,0.127056673169136,-8.216992378234863,11.734554290771484,-2.1631901264190674,0.1861237585544586,-0.0920696929097175,1.6590232849121094,11.256826400756836,7.888201713562012,2.7556629180908203,0.0774290859699249,-0.2418502420186996,-0.8186736702919006
2025-10-12T22:59:20.755,33030,366990,0,0,0,-7.705641269683838,-0.2883492410182953,-4.183495998382568,-0.1552358567714691,1.1517682075500488,0.1265237480401992,-7.922505855560303,12.780820846557615,-1.7370221614837646,0.2308894395828247,-0.1120543852448463,1.5918747186660769,11.654264450073242,7.907355308532715,2.430051565170288,-0.0184974111616611,-0.2796879112720489,-0.7941591143608093
2025-10-12T22:59:20.764,33031,366999,0,0,0,-7.471009731292725,-0.2668014168739319,-3.668742656707764,-0.1696248352527618,1.1155292987823486,0.120395116508007,-7.623230457305908,12.77603244781494,-1.1528369188308716,0.0422340147197246,-0.0958001688122749,1.5801503658294678,11.76918601989746,7.586532592773437,2.480329990386963,-0.12375009059906,-0.2434490174055099,-0.82293701171875
2025-10-12T22:59:20.774,33032,367008,0,0,0,-7.267502784729004,-0.2452536076307296,-3.23299789428711,-0.1738882362842559,1.0883500576019287,0.1142664775252342,-7.244946479797363,12.510276794433594,-0.6237183809280396,-0.1698701232671737,-0.0171937365084886,1.5974704027175903,11.615957260131836,7.062201976776123,2.295976161956787,-0.1290793418884277,-0.1992162466049194,-0.8530473113059998
2025-10-12T22:59:20.782,33033,367017,0,0,0,-7.143003940582275,-0.264407217502594,-3.0941343307495117,-0.1581669449806213,1.078224539756775,0.1158652529120445,-7.027074337005615,11.619632720947266,-0.3699330389499664,-0.4818976819515228,0.1232319846749305,1.604132056236267,11.345412254333496,5.960869312286377,2.0421910285949707,-0.1346750408411026,-0.1552499383687973,-0.8852893114089966
2025-10-12T22:59:20.791,33034,367026,0,0,0,-7.044841766357422,-0.324262261390686,-3.3191890716552734,-0.1437779664993286,1.0715630054473877,0.1291883736848831,-6.718222141265869,10.618856430053713,-0.166425883769989,-0.7928593754768372,0.2415413409471511,1.616389274597168,10.919243812561035,5.3527421951293945,2.449205160140991,-0.0995020046830177,-0.125939056277275,-0.8693015575408936
2025-10-12T22:59:20.802,33035,367035,0,0,0,-6.8772478103637695,-0.3649637103080749,-3.331160068511963,-0.1163323372602462,1.0657007694244385,0.1494395136833191,-6.452466011047363,10.31479263305664,-0.1999447047710418,-0.7451626062393188,0.2761814594268799,1.6321104764938354,10.67264175415039,5.649622917175293,2.9998717308044434,-0.0267577469348907,-0.0974275842308998,-0.806149959564209
2025-10-12T22:59:20.812,33036,367044,0,0,0,-6.800633430480957,-0.4056651294231415,-4.051815032958984,-0.0691684707999229,1.0958110094070437,0.1592986285686493,-6.562599182128906,10.26930332183838,-0.8032834529876709,-0.5378547310829163,0.2655229568481445,1.664086103439331,10.560113906860352,6.020724296569824,3.1961960792541504,0.0800937041640281,-0.0510631091892719,-0.7504592537879944
2025-10-12T22:59:20.819,33037,367053,0,0,0,-7.028082370758057,-0.4224245548248291,-5.093292713165283,-0.0425222292542457,1.1413761377334597,0.1662266552448272,-6.9552483558654785,10.412955284118652,-1.2390282154083252,-0.4347338080406189,0.240741953253746,1.660355567932129,10.552931785583496,6.8778486251831055,3.291964054107666,0.1776189804077148,-0.0268150232732296,-0.737669050693512
2025-10-12T22:59:20.827,33038,367062,0,0,0,-7.255531787872315,-0.4439723491668701,-5.373414039611816,-0.0398576036095619,1.128319501876831,0.1672924906015396,-7.252129077911377,11.145581245422363,-1.219874620437622,-0.3137598633766174,0.1970421075820922,1.61692214012146,10.804322242736816,7.928903102874756,3.0022659301757812,0.2039987742900848,-0.0753111913800239,-0.7046276926994324
2025-10-12T22:59:20.838,33039,367071,0,0,0,-7.607479095458984,-0.4008767008781433,-6.041396617889404,-0.0489173308014869,1.0918141603469849,0.1616967916488647,-7.266494274139404,11.64357566833496,-0.8846863508224487,-0.2407491356134414,0.1978414803743362,1.5753540992736816,11.038954734802246,8.096497535705566,2.652712345123291,0.0998119264841079,-0.1091519296169281,-0.6881070733070374
2025-10-12T22:59:20.847,33040,367080,0,0,0,-8.162934303283691,-0.2548304200172424,-6.328700542449951,-0.06810262799263,1.0696977376937866,0.1526370644569397,-6.9767961502075195,11.993128776550291,-0.5255560874938965,-0.1701365709304809,0.2013055086135864,1.554303526878357,11.089232444763184,8.266485214233398,2.8681905269622803,0.0252024345099926,-0.1046220734715461,-0.670254111289978
2025-10-12T22:59:20.854,33041,367089,0,0,0,-8.692052841186523,-0.0441406667232513,-5.6822662353515625,-0.0808928236365318,1.038521647453308,0.1502389162778854,-6.653578758239746,12.790397644042969,-0.7769472599029541,-0.1133800595998764,0.2583284676074981,1.5649620294570925,11.18260669708252,8.426897048950195,3.0453615188598633,0.0193402618169784,-0.0590569823980331,-0.6396108865737915
2025-10-12T22:59:20.865,33042,367098,0,0,0,-8.905137062072754,0.0516273975372314,-5.505095481872559,-0.0846232995390892,1.0070791244506836,0.1433108747005462,-6.675126552581787,13.151922225952148,-0.3555678427219391,-0.1720018237829208,0.3539884984493255,1.5495071411132812,11.146693229675291,8.156352043151855,2.9017093181610107,0.0574443936347961,0.0019629248417913,-0.6358804106712341
2025-10-12T22:59:20.872,33043,367107,0,0,0,-8.996116638183594,0.0444447994232177,-5.215396881103516,-0.0982128828763961,0.9836302995681764,0.130520686507225,-6.799624919891357,13.017847061157228,-0.0993882417678833,-0.3358762562274933,0.4232687354087829,1.486089110374451,10.971917152404783,8.177900314331055,3.009448528289795,0.1261917203664779,0.0067592496052384,-0.6422755122184753
2025-10-12T22:59:20.886,33044,367116,0,0,0,-8.744725227355957,-0.0680826902389526,-4.4468584060668945,-0.1019433587789535,0.949789583683014,0.1070719882845878,-6.636819362640381,13.058547973632812,-0.4321822822093963,-0.4453923404216766,0.4432534277439117,1.4258685111999512,11.019801139831545,8.379013061523438,3.114793300628662,0.1403142362833023,-0.0145577481016516,-0.6257547736167908
2025-10-12T22:59:20.890,33045,367125,0,0,0,-8.387989044189453,-0.1494855433702469,-3.984777450561523,-0.0888867005705833,0.9271402359008788,0.0726983323693275,-6.476408004760742,12.98432731628418,-0.1783969104290008,-0.5780906081199646,0.4267327785491943,1.3680462837219238,11.146693229675291,8.067767143249512,2.959170341491699,0.1059405580163002,-0.0340095087885856,-0.6217579245567322
2025-10-12T22:59:20.903,33046,367134,0,0,0,-8.143780708312988,-0.1063899099826812,-3.771693229675293,-0.0705007836222648,0.926340878009796,0.0447197705507278,-6.244170188903809,13.027423858642578,0.1807333528995514,-0.6654903292655945,0.382766455411911,1.3051609992980957,11.168241500854492,7.813981056213379,3.2177438735961914,0.0806266367435455,-0.0380064472556114,-0.6201590895652771
2025-10-12T22:59:20.911,33047,367143,0,0,0,-7.923513889312744,-0.0369580686092376,-3.771693229675293,-0.027866780757904,0.9234097599983216,0.0202052202075719,-5.968837261199951,13.03460693359375,0.3219912648200989,-0.7454290390014648,0.3518567979335785,1.264658808708191,11.12753963470459,7.39260196685791,3.5457496643066406,0.0694352090358734,-0.007363261654973,-0.6055036783218384
2025-10-12T22:59:20.921,33048,367152,0,0,0,-7.8277459144592285,-0.0393522679805755,-4.240956783294678,0.0198299884796142,0.9135506749153136,0.0090137980878353,-5.8036370277404785,12.670687675476074,0.8175909519195557,-0.7798027396202087,0.2948338389396667,1.2404106855392456,10.940792083740234,6.875454425811768,3.804323196411133,0.0710339769721031,0.0350042730569839,-0.587917149066925
2025-10-12T22:59:20.929,33049,367161,0,0,0,-7.739160537719727,-0.0130160450935363,-4.576145172119141,0.0531378090381622,0.8647880554199219,0.0231363084167242,-5.425353527069092,12.270855903625488,0.8630808591842651,-0.8227031826972961,0.2167603373527526,1.2558655738830566,10.596027374267578,6.51153564453125,3.8785438537597656,0.1094045788049697,0.0254116225987672,-0.562603235244751
2025-10-12T22:59:20.939,33050,367170,0,0,0,-7.638603687286377,0.061204195022583,-5.150753498077393,0.0819157361984252,0.8274832963943481,0.0529801100492477,-5.104530334472656,12.270855903625488,0.9396952390670776,-0.7784703969955444,0.1394861936569214,1.283843994140625,10.282386779785156,6.600121021270752,4.194578170776367,0.0739650651812553,-0.0675837844610214,-0.5010503530502319
2025-10-12T22:59:20.946,33051,367179,0,0,0,-7.5380473136901855,0.1785200834274292,-5.203425884246826,0.1064302921295166,0.8005706071853638,0.0838897600769996,-4.915388584136963,12.76645565032959,0.5901418924331665,-0.6868072748184204,0.1165704205632209,1.3419328927993774,10.390125274658203,7.3423237800598145,4.642293930053711,0.029199369251728,-0.1083525419235229,-0.4243091642856598
2025-10-12T22:59:20.957,33052,367189,0,0,0,-7.439885139465332,0.3054127991199493,-5.624805450439453,0.1341423690319061,0.7664633393287659,0.104407362639904,-4.970455169677734,13.111221313476562,0.7529475688934326,-0.6590952277183533,0.1765244901180267,1.3973571062088013,10.540960311889648,7.840317726135254,4.084444999694824,0.1008777767419815,-0.1011580526828765,-0.397396445274353
2025-10-12T22:59:20.962,33053,367197,0,0,0,-7.506922721862793,0.3437199890613556,-6.484323978424072,0.1445344388484954,0.7576701641082764,0.1145329400897026,-5.11171293258667,13.376977920532228,0.3626926839351654,-0.7472942471504211,0.2340803891420364,1.409614324569702,10.631939888000488,8.141986846923828,3.641517639160156,0.1549696773290634,-0.1262055337429046,-0.40778848528862
2025-10-12T22:59:20.973,33054,367206,0,0,0,-7.4087605476379395,0.2503461539745331,-6.225749969482422,0.1522618234157562,0.7110391855239868,0.0990781188011169,-5.11171293258667,13.88215446472168,0.1256667226552963,-0.7771381139755249,0.2218231111764907,1.3992222547531128,10.816293716430664,8.508299827575684,3.538567066192627,0.1419130116701126,-0.1784321665763855,-0.4115189611911773
2025-10-12T22:59:20.981,33055,367215,0,0,0,-7.296233177185059,0.1473954617977142,-6.007877826690674,0.1762434542179107,0.6329656839370728,0.0647044628858566,-5.19072151184082,14.037776947021484,0.4512781500816345,-0.7811350226402283,0.1661324501037597,1.3992222547531128,11.00304126739502,8.639981269836426,3.406886100769043,0.0920845195651054,-0.17603400349617,-0.4091207981109619
2025-10-12T22:59:20.990,33056,367225,0,0,0,-7.439885139465332,0.0324737727642059,-6.311941146850586,0.1967610716819763,0.5980591177940369,0.0199387613683938,-5.128472328186035,13.719348907470703,0.5207099914550781,-0.8656036853790283,0.0915229544043541,1.3890968561172483,10.868966102600098,8.541818618774414,3.1507062911987305,0.1048747152090072,-0.1555164009332656,-0.4323030412197113
2025-10-12T22:59:20.999,33057,367234,0,0,0,-7.61226749420166,-0.173427551984787,-6.199413776397705,0.1980933845043182,0.542634904384613,-0.0085727265104651,-4.817225933074951,13.353034973144531,0.3435390591621399,-0.8983784914016724,0.0233085602521896,1.3736419677734375,10.749256134033203,8.338312149047852,2.9926891326904297,0.0776955410838127,-0.1765669286251068,-0.4589492976665497
2025-10-12T22:59:21.008,33058,367243,0,0,0,-7.935484886169434,-0.5157983899116516,-6.39813232421875,0.1869019567966461,0.4818814992904663,-0.0202970746904611,-4.5682291984558105,12.756878852844238,0.5901418924331665,-0.8216373324394226,-0.0454387627542018,1.3659145832061768,10.749256134033203,7.837923526763916,2.856219530105591,0.0228042714297771,-0.2106741368770599,-0.4850625991821289
2025-10-12T22:59:21.017,33059,367252,0,0,0,-8.344893455505371,-0.7839490175247192,-6.429257392883301,0.1629203259944915,0.4467084407806396,-0.0133690498769283,-4.223464012145996,12.656322479248049,0.3076260387897491,-0.6892054677009583,-0.1051263585686683,1.3845669031143188,10.75404453277588,7.679905891418457,3.1339468955993652,-0.0328863859176635,-0.2330569773912429,-0.4789339601993561
2025-10-12T22:59:21.026,33060,367261,0,0,0,-8.615438461303711,-1.0018213987350464,-6.335883140563965,0.129612535238266,0.4043408632278442,0.0087473355233669,-3.936159610748291,12.943626403808594,0.4512781500816345,-0.5309267640113831,-0.129640907049179,1.409614324569702,10.734890937805176,7.524282932281494,3.052544116973877,-0.0526046119630336,-0.2266618907451629,-0.4461590647697449
2025-10-12T22:59:21.035,33061,367270,0,0,0,-8.816551208496094,-1.13350248336792,-6.795569896697998,0.0869785249233245,0.3800927996635437,0.0367258936166763,-3.72307562828064,13.22614288330078,0.1998869776725769,-0.5266633629798889,-0.1037940457463264,1.429599046707153,10.715737342834473,7.445274353027344,2.7963643074035645,0.0246695093810558,-0.1597797870635986,-0.4179140627384186
2025-10-12T22:59:21.046,33062,367279,0,0,0,-8.838099479675293,-1.1143487691879272,-6.83866548538208,0.0438116192817688,0.365437388420105,0.0663032308220863,-3.452530860900879,13.985103607177734,-0.1400896608829498,-0.5450493097305298,-0.0638246685266494,1.4256020784378052,10.8881196975708,7.83313512802124,2.674260139465332,0.105407640337944,-0.1469895988702774,-0.38140869140625
2025-10-12T22:59:21.055,33063,367288,0,0,0,-8.682476043701172,-0.9706966876983644,-6.8841552734375,0.0272909551858901,0.358509361743927,0.0844226777553558,-3.5913946628570557,14.322687149047852,0.2214347869157791,-0.5772912502288818,-0.0147955752909183,1.4082820415496826,11.084444046020508,8.211419105529785,2.391744375228882,0.1275240331888198,-0.1208762824535369,-0.3528972268104553
2025-10-12T22:59:21.062,33064,367297,0,0,0,-8.646563529968262,-0.7767664194107056,-7.236103057861328,0.0216952264308929,0.3712995648384094,0.0894854664802551,-3.5506932735443115,14.554924011230469,-0.0084085762500762,-0.6034045219421387,0.032101821154356,1.3933601379394531,11.110780715942385,8.572943687438965,1.9847300052642824,0.2053310871124267,-0.0846373811364173,-0.3555618226528168
2025-10-12T22:59:21.073,33065,367306,0,0,0,-8.613044738769531,-0.590018630027771,-7.090056896209717,0.02382692694664,0.3715659976005554,0.0825574398040771,-3.5219626426696777,14.681818008422852,0.1041188985109329,-0.5391870737075806,0.0920558720827102,1.3829680681228638,11.053319931030272,8.812363624572754,1.7907997369766235,0.207729235291481,-0.0801075249910354,-0.3563612401485443
2025-10-12T22:59:21.083,33066,367315,0,0,0,-8.699235916137695,-0.3793289065361023,-7.437216281890869,0.0355512797832489,0.3603745698928833,0.0625727549195289,-3.761382818222046,14.504646301269531,0.4177593290805816,-0.4736373722553253,0.1341569572687149,1.3621841669082642,10.96712875366211,8.742931365966797,1.723762035369873,0.1629635542631149,-0.0582575947046279,-0.3664868175983429
2025-10-12T22:59:21.091,33067,367324,0,0,0,-8.85246467590332,-0.0585058778524398,-7.633540630340576,0.0280903279781341,0.3681020140647888,0.0404563695192337,-3.7518060207366943,14.67942237854004,0.1950985640287399,-0.4328685998916626,0.1554739475250244,1.331007957458496,10.85460090637207,8.628009796142578,1.9129040241241455,0.1344520598649978,-0.0390722975134849,-0.3643551170825958
2025-10-12T22:59:21.098,33068,367333,0,0,0,-8.857253074645996,0.130636066198349,-7.303140640258789,0.0182312279939651,0.34811732172966,0.0218039955943822,-3.6991336345672607,14.902084350585938,0.5685940384864807,-0.4360661208629608,0.1450819224119186,1.288906812667847,10.76362133026123,8.371829986572266,2.28161096572876,0.0718333646655082,-0.0177552979439497,-0.3289155960083008
2025-10-12T22:59:21.109,33069,367342,0,0,0,-8.787820816040039,0.08993461728096,-7.384543418884277,0.0147671997547149,0.3260009288787842,-4.592724144458771e-05,-3.562664270401001,14.777585983276367,0.9708199501037598,-0.5109421014785767,0.0797986015677452,1.242542386054993,10.775591850280762,7.943268299102783,2.487512588500977,0.0939497575163841,0.0187500603497028,-0.2929431498050689
2025-10-12T22:59:21.116,33070,367351,0,0,0,-8.778244018554688,0.0228969752788543,-7.2049784660339355,0.0153001248836517,0.3198722898960113,-0.0282909497618675,-3.079035520553589,14.954755783081056,0.7697069644927979,-0.6023387312889099,0.0203774739056825,1.204171895980835,10.85699462890625,7.857077121734619,2.9519877433776855,0.1376496106386184,0.039267674088478,-0.2473780810832977
2025-10-12T22:59:21.125,33071,367360,0,0,0,-8.615438461303711,-0.0704768896102905,-6.975135326385498,0.019563540816307,0.2884297370910644,-0.0594670549035072,-2.7941253185272217,15.033763885498049,1.430506706237793,-0.6444397568702698,-0.0102657116949558,1.172196388244629,10.957551956176758,8.065372467041016,3.337453842163086,0.1608318388462066,0.0760394930839538,-0.1938191354274749
2025-10-12T22:59:21.134,33072,367369,0,0,0,-8.519670486450195,-0.1590623557567596,-7.348630428314209,0.02382692694664,0.2639151811599731,-0.0965053439140319,-2.5187923908233643,14.736883163452148,1.497544288635254,-0.7925928831100464,-0.0201248247176408,1.117571473121643,10.85460090637207,8.1276216506958,3.114793300628662,0.2687491476535797,0.1192064136266708,-0.1919538974761963
2025-10-12T22:59:21.143,33073,367378,0,0,0,-8.534035682678223,-0.2045521885156631,-7.611992835998535,0.0296891033649444,0.2420652508735656,-0.1236845180392265,-2.147691011428833,14.734489440917969,1.492755889892578,-0.8703999519348145,-0.0115980245172977,1.0333693027496338,10.7301025390625,8.199447631835938,3.0429673194885254,0.3065868318080902,0.0997546538710594,-0.2082081139087677
2025-10-12T22:59:21.152,33074,367387,0,0,0,-8.543612480163574,-0.2715898156166076,-7.755644798278809,0.039814680814743,0.2098232805728912,-0.1434027403593063,-2.130931615829468,14.279590606689451,2.091306209564209,-0.8983784914016724,-0.0235888361930847,0.9707506895065308,10.60799789428711,8.031853675842285,3.0429673194885254,0.2567583322525024,0.0707102417945861,-0.2313903272151947
2025-10-12T22:59:21.161,33075,367396,0,0,0,-8.622621536254883,-0.2548304200172424,-8.136322975158691,0.0544701218605041,0.2031617313623428,-0.1617886573076248,-1.972914218902588,14.234102249145508,1.4783906936645508,-0.8634719252586365,-0.0254540722817182,0.9486342668533324,10.45955753326416,7.938479900360107,3.251262664794922,0.2234505265951156,0.0488603226840496,-0.2452463805675506
2025-10-12T22:59:21.170,33076,367405,0,0,0,-8.751908302307129,-0.3745405077934265,-8.24885082244873,0.0582005977630615,0.2164848446846008,-0.1559264808893203,-2.123749017715454,14.327474594116213,2.06736421585083,-0.7539558410644531,-0.0201248247176408,0.933712363243103,10.464345932006836,8.149169921875,3.605604648590088,0.1491074860095977,0.0086244866251945,-0.229525089263916
2025-10-12T22:59:21.179,33077,367414,0,0,0,-8.881195068359375,-0.4008767008781433,-8.43080997467041,0.0523384064435958,0.2314067482948303,-0.1426033526659011,-2.45654296875,14.351417541503906,2.292419195175171,-0.6457720994949341,-0.0273193102329969,0.9459696412086488,10.51701831817627,8.335917472839355,3.605604648590088,0.1424459218978881,0.0168848242610692,-0.2271269261837005
2025-10-12T22:59:21.192,33078,367423,0,0,0,-8.883588790893555,-0.2715898156166076,-8.493059158325195,0.0240933895111084,0.2284756600856781,-0.1084961518645286,-2.525974988937378,14.301139831542969,2.155949831008911,-0.5282621383666992,-0.0270528476685285,0.9640891551971436,10.473922729492188,8.551395416259766,3.5289902687072754,0.1762866675853729,-0.0134918987751007,-0.2369860410690307
2025-10-12T22:59:21.197,33079,367432,0,0,0,-8.51488208770752,-0.1973695755004882,-8.014219284057617,-0.0004211515188217,0.1957007795572281,-0.0813169851899147,-2.657655954360962,14.360994338989258,2.443253993988037,-0.3971626162528991,-0.0403759740293026,0.9768792986869812,10.536171913146973,8.843488693237305,3.730103015899658,0.1392483860254287,-0.0489314049482345,-0.2415159046649933
2025-10-12T22:59:21.206,33080,367441,0,0,0,-8.141386985778809,-0.1303319334983825,-7.260045051574707,0.009970873594284,0.1176272705197334,-0.0735895708203315,-2.73905873298645,14.277196884155272,2.436071395874023,-0.2932422757148742,-0.0502350851893425,0.993399977684021,10.442797660827637,9.09009075164795,3.833053588867187,0.1072728708386421,-0.0553265064954757,-0.2572371959686279
2025-10-12T22:59:21.215,33081,367450,0,0,0,-7.964215278625488,-0.0561116784811019,-7.410880088806152,0.0158330649137496,0.0419519320130348,-0.0679938569664955,-2.6911747455596924,14.272409439086914,2.299601793289185,-0.188256025314331,-0.0672886818647384,0.991801142692566,10.36857795715332,9.291204452514648,3.6798248291015625,0.1056741029024124,-0.0923647955060005,-0.2817517518997192
2025-10-12T22:59:21.224,33082,367459,0,0,0,-7.985763072967529,-0.0561116784811019,-7.480311870574951,0.0168989151716232,0.0113087520003318,-0.0599999874830246,-2.729481935501098,14.229312896728516,2.5174741744995117,-0.0973923206329345,-0.080878272652626,0.991001844406128,10.490682601928713,9.17628288269043,3.5433554649353027,0.0617077946662902,-0.1123494803905487,-0.3033351898193359
2025-10-12T22:59:21.233,33083,367468,0,0,0,-8.146175384521484,-0.0489290654659271,-7.681424617767334,0.0216952264308929,-0.0014814585447311,-0.0560030490159988,-2.593012571334839,14.26043701171875,2.2804481983184814,-0.0576894171535968,-0.1080574393272399,0.99153470993042,10.40449047088623,8.711807250976562,3.517019271850586,0.0278670564293861,-0.127271369099617,-0.3219875693321228
2025-10-12T22:59:21.242,33084,367477,0,0,0,-8.462209701538086,0.08993461728096,-7.755644798278809,0.020362913608551,-0.012672871351242,-0.0442786961793899,-2.276978015899658,14.684211730957031,2.402552604675293,-0.0366388745605945,-0.1554877460002899,0.9718164801597596,10.390125274658203,8.371829986572266,3.868966579437256,-0.0414131842553615,-0.1858931183815002,-0.3028022646903991
2025-10-12T22:59:21.251,33085,367486,0,0,0,-8.739936828613281,0.1402128636837005,-7.767615795135498,0.0110367238521575,-0.0225319862365722,-0.0272250995039939,-2.195574998855591,14.794343948364258,2.907729148864746,0.0003994069993495,-0.2247680127620697,0.9465026259422302,10.447586059570312,8.149169921875,4.117963790893555,-0.1016337051987648,-0.2096082866191864,-0.2516414821147918
2025-10-12T22:59:21.263,33086,367495,0,0,0,-9.046395301818848,0.099511444568634,-8.258427619934082,-0.0078821033239364,-0.0137387290596961,-0.0099050384014844,-1.8053202629089355,15.096014022827148,2.206228017807007,-0.083802729845047,-0.2769946455955505,0.9377093315124512,10.490682601928713,8.18508243560791,4.113175392150879,-0.0656612664461135,-0.1888242065906524,-0.2090074717998504
2025-10-12T22:59:21.269,33087,367504,0,0,0,-9.292997360229492,0.00374336540699,-8.502635955810547,-0.0291991010308265,0.0027819499373435,0.0050168596208095,-1.6113898754119873,15.431201934814451,2.5270509719848633,-0.1365623027086258,-0.3294877707958221,0.9094642996788024,10.610392570495604,8.498723030090332,3.9886770248413086,-0.0597990937530994,-0.2112070620059967,-0.1687716543674469
2025-10-12T22:59:21.281,33088,367513,0,0,0,-9.417495727539062,-0.0656884908676147,-8.797122955322266,-0.0411899164319038,0.0355568304657936,0.0132771972566843,-1.352816104888916,15.503028869628906,2.294813394546509,-0.2503418028354645,-0.3598644733428955,0.8833509683609009,10.658276557922363,8.620827674865723,3.5696916580200195,-0.0496735237538814,-0.2096082866191864,-0.1541162133216858
2025-10-12T22:59:21.288,33089,367522,0,0,0,-9.489322662353516,-0.0201986581087112,-8.888102531433105,-0.0377259030938148,0.0931127294898033,0.0220704581588506,-1.0966365337371826,15.637104034423828,2.029057025909424,-0.2735240161418915,-0.3710559010505676,0.8465791344642639,10.588844299316406,8.7836332321167,3.1052165031433105,-0.0211620368063449,-0.2413173168897628,-0.1498528122901916
2025-10-12T22:59:21.297,33090,367532,0,0,0,-9.312150955200195,-0.0680826902389526,-7.753250598907471,-0.0323966518044471,0.0680652558803558,0.0305972602218389,-1.2115581035614014,15.582036972045898,1.8423093557357788,-0.2713923454284668,-0.3516041338443756,0.7986158728599548,10.567296981811523,9.209800720214844,2.916074514389038,-0.0235601998865604,-0.2533081173896789,-0.1370626091957092
2025-10-12T22:59:21.306,33091,367541,0,0,0,-8.677687644958496,-0.1614565551280975,-7.15470027923584,-0.0260015577077865,-0.1014048755168914,0.040722832083702,-1.726311445236206,15.005033493041992,1.5861297845840454,-0.2276924699544906,-0.2913836240768432,0.7421258687973022,10.3709716796875,9.820322036743164,2.4707531929016113,0.0089482245966792,-0.2407843917608261,-0.1471881866455078
2025-10-12T22:59:21.317,33092,367550,0,0,0,-8.239548683166504,-0.3098970651626587,-7.760433197021484,-0.0334625020623207,-0.1677540391683578,0.0287320222705602,-2.3799285888671875,14.62196159362793,1.3395270109176636,-0.1613433063030243,-0.2386240512132644,0.6659176349639893,10.241684913635254,10.06213665008545,1.7860113382339478,0.0928839072585105,-0.2469130307435989,-0.1778313815593719
2025-10-12T22:59:21.331,33093,367559,0,0,0,-8.194059371948242,-0.5062215924263,-7.985488414764404,-0.0313308015465736,-0.1496345847845077,0.0170076731592416,-2.853980541229248,14.827863693237305,1.2940372228622437,-0.0806051939725875,-0.2186393588781356,0.5926403999328613,10.375760078430176,9.973550796508787,1.8099533319473269,0.0313310734927654,-0.2250631004571914,-0.1796966195106506
2025-10-12T22:59:21.337,33094,367568,0,0,0,-8.54600715637207,-0.2883492410182953,-7.724520206451416,-0.0260015577077865,-0.1461705714464187,0.0002205371856689,-2.834826946258545,15.072071075439451,1.641196370124817,-0.0430339761078357,-0.2508813440799713,0.5436113476753235,10.770803451538086,9.604844093322754,1.9296634197235107,-0.0491405948996543,-0.2024137824773788,-0.1546491384506225
2025-10-12T22:59:21.343,33095,367578,0,0,0,-9.292997360229492,-0.0178044438362121,-7.813105583190918,-0.0161424428224563,-0.1341797709465026,-0.00324347615242,-2.2865548133850098,15.277973175048828,1.6364079713821411,0.02491395175457,-0.2879196107387543,0.5076388716697693,10.993464469909668,9.135580062866213,2.188237190246582,-0.1106934249401092,-0.1680401265621185,-0.1186767071485519
2025-10-12T22:59:21.354,33096,367587,0,0,0,-9.951403617858888,0.2024621069431305,-8.09083366394043,0.000111773610115,-0.1312486827373504,-0.0035099387168884,-1.553929090499878,15.59400749206543,1.883010745048523,0.0494285002350807,-0.2607404291629791,0.4753969609737396,10.981493949890137,8.841094017028809,2.67665433883667,-0.1586566716432571,-0.1267384439706802,-0.0691146850585937
2025-10-12T22:59:21.364,33097,367596,0,0,0,-10.411089897155762,0.3173837959766388,-8.354195594787598,0.003042846918106,-0.1232548058032989,-0.0016447026282548,-0.888340950012207,15.608373641967772,2.1535556316375732,-0.0150554180145263,-0.2173070609569549,0.4306312799453735,10.909667015075684,8.469992637634277,2.80115270614624,-0.1168220713734626,-0.0939635634422302,-0.0424684397876262
2025-10-12T22:59:21.370,33098,367605,0,0,0,-10.425455093383787,0.1689432859420776,-8.624740600585938,-0.0033522546291351,-0.1099316775798797,0.0010199230164289,-0.2658484876155853,15.529363632202148,1.6842920780181885,-0.1677384078502655,-0.1794693768024444,0.3634827435016632,10.749256134033203,8.072555541992188,2.762845516204834,-0.0571344755589962,-0.0862361565232276,-0.0315434783697128
2025-10-12T22:59:21.382,33099,367614,0,0,0,-10.0280179977417,-0.1351203322410583,-8.634317398071289,-0.0097473412752151,-0.1070006042718887,-0.0005788505077362,0.1938382387161255,15.682594299316406,1.531063199043274,-0.2572698295116424,-0.1453621834516525,0.2827445864677429,10.713342666625977,8.139593124389648,2.789181709289551,-0.0243595875799655,-0.0817062929272651,-0.0062295421957969
2025-10-12T22:59:21.390,33100,367623,0,0,0,-9.405525207519531,-0.3960883021354675,-8.715720176696777,-0.0291991010308265,-0.1125963032245636,0.0007534604519605,0.2369338274002075,15.78314971923828,1.495150089263916,-0.2516741156578064,-0.0992641821503639,0.2190600484609604,10.837841033935549,8.522665023803711,2.346254587173462,0.0593096315860748,-0.0369405932724475,0.0004320219159126
2025-10-12T22:59:21.397,33101,367632,0,0,0,-8.823734283447266,-0.4343955516815185,-8.928804397583008,-0.0731654092669487,-0.0995396524667739,-0.0027105510234832,0.0406093001365661,15.53175926208496,1.3682574033737185,-0.1973157376050949,-0.0361125729978084,0.1670998632907867,10.85699462890625,8.829122543334961,1.6950316429138184,0.1400477588176727,0.0003641500370576,-0.0302111636847257
2025-10-12T22:59:21.406,33102,367641,0,0,0,-8.433479309082031,-0.5373462438583374,-8.588827133178711,-0.1189969629049301,-0.1040695160627365,-0.0109708877280354,-0.3328861594200134,15.266002655029297,1.3898051977157593,-0.1570799201726913,0.0065214238129556,0.1084781140089035,10.82108211517334,8.953620910644531,1.5298317670822144,0.1360508203506469,0.0224805362522602,-0.0619201995432376
2025-10-12T22:59:21.417,33103,367650,0,0,0,-8.474181175231934,-0.5924128293991089,-8.500242233276367,-0.1408468782901764,-0.121922492980957,-0.0301561877131462,-0.6010367274284363,15.115167617797852,1.3993819952011108,-0.0944612324237823,0.0273054968565702,0.0615807212889194,10.842629432678224,8.936861991882324,1.438852071762085,0.117664910852909,0.0416658371686935,-0.0843030512332916
2025-10-12T22:59:21.427,33104,367659,0,0,0,-8.866829872131348,-0.5181926488876343,-8.294340133666992,-0.1512389183044433,-0.1363114714622497,-0.0506737977266311,-0.6584975719451904,15.074466705322266,1.3826225996017456,-0.03583949431777,0.0475566424429416,0.0237430483102798,10.8881196975708,8.805181503295898,1.3526607751846311,0.0854229554533958,0.0555218867957592,-0.1005572602152824
2025-10-12T22:59:21.435,33105,367668,0,0,0,-9.386371612548828,-0.3075028657913208,-8.052526473999023,-0.1419127285480499,-0.1530985981225967,-0.0695926323533058,-0.5196338891983032,15.184598922729492,1.3850167989730835,0.0046628043055534,0.0800650641322135,-0.0130287744104862,10.950368881225586,8.75969123840332,1.5202549695968628,0.0225378088653087,0.0787041112780571,-0.1032218858599662
2025-10-12T22:59:21.442,33106,367677,0,0,0,-9.898730278015137,-0.0609000772237777,-8.222514152526855,-0.1227274388074874,-0.1592272371053695,-0.0842480659484863,-0.4095005989074707,15.234878540039062,1.375440001487732,0.0422340147197246,0.1197679713368415,-0.0567286200821399,10.907273292541504,8.589702606201172,1.6758780479431152,0.0073494492098689,0.1168082579970359,-0.1090840548276901
2025-10-12T22:59:21.451,33107,367686,0,0,0,-10.284196853637695,0.099511444568634,-8.344618797302246,-0.1104701608419418,-0.1552302986383438,-0.0901102423667907,-0.2850021123886108,15.35698127746582,1.2341821193695068,0.066748559474945,0.1738598644733429,-0.1052247956395149,10.813899040222168,8.481964111328125,1.9368460178375244,0.0132116237655282,0.1442538946866989,-0.1090840548276901
2025-10-12T22:59:21.460,33108,367695,0,0,0,-10.451791763305664,0.2144331037998199,-8.30631160736084,-0.1070061475038528,-0.1557632237672805,-0.0911760926246643,-0.2993673384189605,15.483875274658203,1.619648575782776,0.1125801056623458,0.2162273973226547,-0.1539874225854873,10.833052635192873,8.395772933959961,2.0924692153930664,0.0153433224186301,0.1674361377954483,-0.100290797650814
2025-10-12T22:59:21.469,33109,367704,0,0,0,-10.384753227233888,0.221615731716156,-8.45235824584961,-0.1091378480195999,-0.1469699591398239,-0.0933077931404113,-0.3328861594200134,15.670621871948242,1.6340137720108032,0.1330977231264114,0.2330145388841629,-0.2152737826108932,10.82108211517334,8.469992637634277,2.233726978302002,0.0382590927183628,0.2074055075645446,-0.0909646153450012
2025-10-12T22:59:21.478,33110,367713,0,0,0,-10.231524467468262,0.159366488456726,-8.461935043334961,-0.113401249051094,-0.134446233510971,-0.0997028946876525,-0.4430194199085235,15.936378479003906,1.792031168937683,0.1128465682268142,0.247137039899826,-0.2906826734542846,10.801928520202637,8.807575225830078,2.432445764541626,0.0441212691366672,0.2423120886087417,-0.0771085619926452
2025-10-12T22:59:21.487,33111,367722,0,0,0,-10.083084106445312,0.0875404179096221,-8.27279281616211,-0.1163323372602462,-0.1277846693992614,-0.108762614428997,-0.6991990208625793,15.945955276489258,2.026662826538086,0.090730182826519,0.2601937055587768,-0.3786152899265289,10.761226654052734,9.080513954162598,2.434839963912964,0.0790278539061546,0.2662937045097351,-0.0787073373794555
2025-10-12T22:59:21.499,33112,367731,0,0,0,-10.035200119018556,-0.0393522679805755,-8.263216018676758,-0.1147335618734359,-0.1107310801744461,-0.1175558716058731,-1.034387230873108,15.929195404052734,2.064970016479492,0.0539583638310432,0.2796454727649688,-0.4641497433185577,10.69658374786377,9.221772193908691,2.5545501708984375,0.1035424023866653,0.2700241804122925,-0.0787073373794555
2025-10-12T22:59:21.505,33113,367740,0,0,0,-10.1644868850708,-0.1255435347557068,-8.188995361328125,-0.1155329495668411,-0.101671352982521,-0.1263491511344909,-1.4461898803710938,15.933984756469728,2.268477201461792,0.0038634166121482,0.2932350635528564,-0.552082359790802,10.596027374267578,9.334299087524414,2.966352939605713,0.0742315351963043,0.274554044008255,-0.0627195835113525
2025-10-12T22:59:21.514,33114,367749,0,0,0,-10.327292442321776,-0.1566681563854217,-8.179418563842773,-0.1173981875181198,-0.0992731899023056,-0.1284808367490768,-1.7382824420928955,15.613161087036133,2.5246567726135254,-0.0504949279129505,0.2833759486675262,-0.6402814388275146,10.454769134521484,9.363029479980469,3.098033905029297,0.0627736449241638,0.2822814583778381,-0.0493964627385139
2025-10-12T22:59:21.524,33115,367758,0,0,0,-10.485310554504396,-0.2237057983875274,-8.244062423706055,-0.1184640377759933,-0.0974079370498657,-0.1252832859754562,-1.8053202629089355,15.40965461730957,2.6802799701690674,-0.0251809917390346,0.2705857455730438,-0.7178220748901367,10.349424362182615,9.171493530273438,3.2584452629089355,0.0491840578615665,0.2652278542518616,-0.0403367392718791
2025-10-12T22:59:21.536,33116,367767,0,0,0,-10.628962516784668,-0.3051086664199829,-8.315888404846191,-0.1139341741800308,-0.0942104011774063,-0.1234180480241775,-1.7789840698242188,15.519786834716797,2.5605697631835938,0.0059951171278953,0.2655229568481445,-0.7785754799842834,10.40209674835205,9.14755153656006,3.730103015899658,-0.00144381262362,0.2567010819911957,-0.0131575651466846
2025-10-12T22:59:21.543,33117,367777,0,0,0,-10.660086631774902,-0.2691956162452698,-8.1937837600708,-0.1104701608419418,-0.0942104011774063,-0.1164900287985801,-1.774195671081543,15.653863906860352,2.687462568283081,0.0393029265105724,0.2681875824928283,-0.8337332010269165,10.562508583068848,9.238531112670898,3.9862828254699703,-0.0224943496286869,0.2665601670742035,0.0257459580898284
2025-10-12T22:59:21.550,33118,367785,0,0,0,-10.573895454406738,-0.206946387887001,-8.167448043823242,-0.1059402972459793,-0.1051353514194488,-0.1074303016066551,-1.7765898704528809,15.59161376953125,2.7832305431365967,0.0885984897613525,0.2652564942836761,-0.8886244893074036,10.536171913146973,9.339088439941406,3.828265190124512,0.0078823743388056,0.2732217311859131,0.0412007793784141
2025-10-12T22:59:21.559,33119,367794,0,0,0,-10.468550682067873,-0.0992073118686676,-8.177024841308594,-0.0926171690225601,-0.1038030385971069,-0.0970382690429687,-1.7646188735961914,15.495845794677734,2.62042498588562,0.1490854620933532,0.2633912563323974,-0.9371206164360046,10.464345932006836,9.437250137329102,3.754045009613037,0.0153433224186301,0.2657607793807983,0.0406678542494773
2025-10-12T22:59:21.568,33120,367803,0,0,0,-10.288985252380373,0.0205027759075164,-7.935210227966309,-0.0739647969603538,-0.092078685760498,-0.0858468413352966,-1.838839054107666,15.347404479980469,2.7257697582244873,0.1895877569913864,0.2604601681232452,-0.9917454719543456,10.397308349609377,9.360635757446287,3.5960278511047363,0.0089482245966792,0.2564345896244049,0.0366709157824516
2025-10-12T22:59:21.579,33121,367812,0,0,0,-10.241101264953612,0.1928853094577789,-8.09083366394043,-0.0587764456868171,-0.0779561847448349,-0.0730566456913948,-1.941789627075195,15.366558074951172,2.436071395874023,0.2279583662748336,0.2535321414470672,-1.0567623376846311,10.325482368469238,9.133186340332031,3.4212512969970703,0.0105469981208443,0.2449767142534256,0.040401391685009
2025-10-12T22:59:21.589,33122,367821,0,0,0,-10.193217277526855,0.3006244003772735,-8.06928539276123,-0.0494502484798431,-0.0654324442148208,-0.0602664500474929,-2.0902302265167236,15.395288467407228,2.3498802185058594,0.2551375329494476,0.2458047270774841,-1.1311054229736328,10.342241287231444,9.221772193908691,3.5457496643066406,-0.0230272728949785,0.2452431619167328,0.0710445791482925
2025-10-12T22:59:21.598,33123,367830,0,0,0,-10.06393051147461,0.2838649451732635,-7.875354766845703,-0.0366600528359413,-0.0702287703752517,-0.053338423371315,-2.36556339263916,15.280366897583008,2.086517810821533,0.2602003216743469,0.2386102527379989,-1.2049154043197632,10.406885147094728,9.499499320983888,3.409280300140381,-0.0166321732103824,0.2612309157848358,0.0966249778866767
2025-10-12T22:59:21.604,33124,367839,0,0,0,-10.12139129638672,0.1617606878280639,-7.978305816650391,-0.0310643389821052,-0.0816866606473922,-0.048542097210884,-2.4637255668640137,15.206148147583008,1.7441470623016355,0.2223626524209976,0.2428736537694931,-1.2566092014312744,10.488287925720217,9.578508377075195,3.112399101257324,0.0132116237655282,0.2545693516731262,0.1038194671273231
2025-10-12T22:59:21.615,33125,367848,0,0,0,-10.135756492614746,0.0061375647783279,-8.071680068969727,-0.0220046192407608,-0.1083329170942306,-0.0432128459215164,-2.612166166305542,15.194175720214844,1.8423093557357788,0.2204974144697189,0.2255535870790481,-1.3170961141586304,10.624757766723633,9.46119213104248,3.047755718231201,-0.0275571346282959,0.2646949291229248,0.1147444173693656
2025-10-12T22:59:21.622,33126,367857,0,0,0,-10.142939567565918,-0.0872363001108169,-8.222514152526855,-0.0137442797422409,-0.1325809955596923,-0.0280244871973991,-2.657655954360962,15.318674087524414,1.7800601720809937,0.2956398129463196,0.1930451691150665,-1.3629276752471924,10.687006950378418,9.133186340332031,3.0214195251464844,-0.0808496326208114,0.2756198942661285,0.1333968043327331
2025-10-12T22:59:21.631,33127,367866,0,0,0,-9.958585739135742,-0.2284941971302032,-8.016613006591797,-0.0169418305158615,-0.1621583253145218,-0.010704425163567,-2.6456849575042725,15.292339324951172,1.8447035551071167,0.3044330775737762,0.1725275516510009,-1.3967684507369995,10.636728286743164,9.039812088012695,3.227320671081543,-0.1261482536792755,0.2852125465869903,0.1757643222808838
2025-10-12T22:59:21.640,33128,367875,0,0,0,-9.704800605773926,-0.2955318391323089,-7.918450832366943,-0.0217381566762924,-0.1959990710020065,0.0108790341764688,-2.7318761348724365,15.057706832885742,1.77287757396698,0.3145586550235748,0.1698629260063171,-1.446063995361328,10.473922729492188,9.142763137817385,3.356607437133789,-0.1354744434356689,0.2964039444923401,0.2149343192577362
2025-10-12T22:59:21.649,33129,367884,0,0,0,-9.407918930053713,-0.3673579096794128,-7.815499782562256,-0.037192977964878,-0.2173160761594772,0.0218039955943822,-2.880316734313965,14.818286895751951,1.7824543714523315,0.298037976026535,0.1802549660205841,-1.4953596591949463,10.354212760925291,9.288809776306152,3.2632336616516113,-0.0952386036515235,0.2854790091514587,0.2397153377532959
2025-10-12T22:59:21.658,33130,367893,0,0,0,-9.130191802978516,-0.3194738626480102,-7.465946674346924,-0.0499831736087799,-0.2484921663999557,0.0247350838035345,-3.272965669631958,14.56450080871582,1.8327325582504272,0.3252171576023102,0.1887817531824112,-1.5486520528793335,10.24647331237793,9.444433212280272,3.3494248390197754,-0.0808496326208114,0.2644284665584564,0.2461104393005371
2025-10-12T22:59:21.667,33131,367902,0,0,0,-8.953021049499512,-0.3314448595046997,-7.588050842285156,-0.061174601316452,-0.2559531331062317,0.01887290738523,-3.605759859085083,14.296350479125977,1.8111847639083865,0.3694499433040619,0.1829195916652679,-1.5902202129364014,10.18661880493164,9.511470794677734,3.3661842346191406,-0.0925739780068397,0.2468419522047042,0.2525055110454559
2025-10-12T22:59:21.678,33132,367911,0,0,0,-8.859646797180176,-0.3362332582473755,-7.449187278747559,-0.0673032328486442,-0.2668781280517578,0.0066156350076198,-3.768565416336059,14.286773681640623,1.6651384830474854,0.4488557577133178,0.1687970757484436,-1.6240609884262085,10.268021583557127,9.51865291595459,3.3949151039123535,-0.1234836354851722,0.2249920219182968,0.2530384659767151
2025-10-12T22:59:21.685,33133,367920,0,0,0,-8.857253074645996,-0.3194738626480102,-7.322294235229492,-0.0673032328486442,-0.2884615659713745,-0.0019111633300781,-3.8547568321228023,14.289167404174805,1.6459848880767822,0.4701727628707886,0.1498782336711883,-1.643246293067932,10.390125274658203,9.322328567504885,3.5505380630493164,-0.1567914336919784,0.2361834347248077,0.2884779572486877
2025-10-12T22:59:21.699,33134,367934,0,0,0,-8.783032417297363,-0.2308883965015411,-7.18821907043457,-0.0521148815751075,-0.3065810203552246,-0.0088391881436109,-3.952919006347656,14.217342376708984,1.619648575782776,0.551710307598114,0.1160375028848648,-1.642446756362915,10.502653121948242,8.769268035888672,3.691795825958252,-0.1562584936618805,0.2276566475629806,0.3452344536781311
2025-10-12T22:59:21.708,33135,367943,0,0,0,-8.814157485961914,-0.2117347866296768,-7.221737861633301,-0.0403905287384986,-0.3286973834037781,-0.0024440884590148,-4.0391106605529785,14.210159301757812,1.73935866355896,0.6103320717811584,0.0880589485168457,-1.639782190322876,10.45955753326416,8.716595649719238,4.050926208496094,-0.1655846834182739,0.2164652347564697,0.3934641778469085
2025-10-12T22:59:21.719,33136,367952,0,0,0,-8.787820816040039,-0.1351203322410583,-7.092451095581055,-0.0273338705301284,-0.3652027249336242,0.0050168596208095,-4.23064661026001,14.123968124389648,1.770483374595642,0.6766811609268188,0.0726041123270988,-1.641114592552185,10.399702072143556,8.898554801940918,4.146694183349609,-0.1376061290502548,0.1964805424213409,0.441693902015686
2025-10-12T22:59:21.726,33137,367961,0,0,0,-8.835704803466797,-0.0752652883529663,-7.190613269805908,-0.0142772048711776,-0.3902502059936523,0.0092802606523036,-4.328808784484863,14.054536819458008,1.595706582069397,0.7211804389953613,0.0566163659095764,-1.639782190322876,10.40449047088623,9.075725555419922,3.9048800468444824,-0.0747209936380386,0.1613074839115142,0.4638102948665619
2025-10-12T22:59:21.735,33138,367970,0,0,0,-8.81894588470459,-0.1303319334983825,-7.042172908782959,-0.0089479535818099,-0.4200940132141113,0.0143430475145578,-4.436547756195068,14.116785049438477,1.3419212102890017,0.7686107754707336,0.0355658344924449,-1.6376506090164185,10.531383514404297,9.353452682495115,3.861783981323242,-0.0701911300420761,0.1487837582826614,0.4883248507976532
2025-10-12T22:59:21.744,33139,367979,0,0,0,-8.790215492248535,-0.1351203322410583,-6.98471212387085,-0.0057504028081893,-0.4587310552597046,0.0135436598211526,-4.642449378967285,14.01144027709961,1.3251618146896362,0.7845985293388367,-0.0028047626838088,-1.639782190322876,10.528989791870115,9.48513412475586,3.775592803955078,-0.0773856192827224,0.1599751710891723,0.4944534599781036
2025-10-12T22:59:21.753,33140,367988,0,0,0,-8.790215492248535,-0.175821766257286,-7.2049784660339355,-0.0148101300001144,-0.4845778942108154,0.0162082817405462,-4.778918743133545,13.76962661743164,0.9732141494750975,0.8019185066223145,-0.0385107360780239,-1.6469767093658447,10.488287925720217,9.360635757446287,3.43322229385376,-0.068059429526329,0.1461191326379776,0.4941869676113128
2025-10-12T22:59:21.762,33141,367997,0,0,0,-8.708812713623047,-0.2045521885156631,-6.812329292297363,-0.0276003330945968,-0.5256131887435913,0.01887290738523,-4.891446590423584,13.640338897705078,0.865475058555603,0.8424208760261536,-0.0720850080251693,-1.6637637615203855,10.442797660827637,9.293598175048828,3.4571642875671387,-0.1104269698262214,0.1282661408185959,0.5003156065940857
2025-10-12T22:59:21.771,33142,368006,0,0,0,-8.565160751342773,-0.1806101649999618,-6.434045791625977,-0.0395911410450935,-0.5674477815628052,0.0202052202075719,-5.171567916870117,13.625974655151367,0.843927264213562,0.8951804637908936,-0.0971324816346168,-1.6856138706207275,10.40449047088623,9.30078125,3.5529322624206543,-0.1498634070158004,0.1149430125951767,0.5152375102043152
2025-10-12T22:59:21.784,33143,368015,0,0,0,-8.58191967010498,-0.233282595872879,-6.314335346221924,-0.0395911410450935,-0.5799714922904968,0.0178070571273565,-5.430141925811768,13.429649353027344,0.6930925250053406,0.9447424411773682,-0.1139196157455444,-1.7111941576004028,10.39491367340088,9.35824203491211,3.4667410850524902,-0.1304116547107696,0.1194728687405586,0.5360215902328491
2025-10-12T22:59:21.808,33144,368024,0,0,0,-8.5795259475708,-0.2165231853723526,-6.041396617889404,-0.0326631143689155,-0.59302818775177,0.0135436598211526,-5.626466274261475,13.254873275756836,0.4225477278232574,0.9871099591255188,-0.1341707557439804,-1.7346428632736206,10.567296981811523,9.284021377563477,3.449981689453125,-0.1426689177751541,0.0898955389857292,0.5402849912643433
2025-10-12T22:59:21.808,33145,368033,0,0,0,-8.584314346313477,-0.2237057983875274,-5.902532577514648,-0.0190735310316085,-0.6175426840782166,0.009546723216772,-5.748570442199707,13.197412490844728,0.5470461845397949,1.0558573007583618,-0.169343814253807,-1.7471665143966677,10.442797660827637,9.166706085205078,3.471529483795166,-0.1743779480457306,0.0616505220532417,0.5408178567886353
2025-10-12T22:59:21.809,33146,368043,0,0,0,-8.646563529968262,-0.2452536076307296,-6.00069522857666,-0.0158759802579879,-0.6415243148803711,0.0106125716120004,-5.861098289489746,13.192623138427734,0.4297303557395935,1.0539920330047607,-0.1786699891090393,-1.7410379648208618,10.418855667114258,8.972774505615234,3.670248031616211,-0.2298021614551544,0.0576535835862159,0.5834518671035767
2025-10-12T22:59:21.819,33147,368053,0,0,0,-8.63698673248291,-0.2548304200172424,-5.890561580657959,-0.0172082930803298,-0.6708351969718933,0.0159418229013681,-5.877857685089111,13.21895980834961,0.4105767011642456,1.035073161125183,-0.1704096645116806,-1.7327775955200195,10.461952209472656,8.752508163452148,3.7061610221862793,-0.266573965549469,0.0160854365676641,0.6354120969772339
2025-10-12T22:59:21.827,33148,368062,0,0,0,-8.565160751342773,-0.233282595872879,-5.816341400146484,-0.0196064561605453,-0.7022778391838074,0.0178070571273565,-5.923347473144531,13.16389274597168,0.4417013525962829,1.0014989376068115,-0.1773376762866974,-1.728780746459961,10.593632698059082,8.596885681152344,3.7636218070983887,-0.2711038291454315,-0.0110937366262078,0.6815100908279419
2025-10-12T22:59:21.836,33149,368071,0,0,0,-8.447844505310059,-0.2452536076307296,-5.643959045410156,-0.0217381566762924,-0.7387831807136536,0.0194058362394571,-5.9592604637146,13.120798110961914,0.3459332585334778,0.961529552936554,-0.1863974034786224,-1.7349094152450562,10.701372146606444,8.58012580871582,3.859389781951904,-0.2444575875997543,0.0056933993473649,0.7265422940254211
2025-10-12T22:59:21.845,33150,368080,0,0,0,-8.225183486938477,-0.2284941971302032,-5.404538631439209,-0.0228040069341659,-0.7779531478881836,0.0218039955943822,-6.107700824737549,12.876588821411133,0.5494403839111328,0.9045066237449646,-0.1874632686376571,-1.7455679178237915,10.710948944091797,8.501117706298828,3.708555221557617,-0.2306015342473983,0.0198159106075763,0.7641134858131409
2025-10-12T22:59:21.855,33151,368089,0,0,0,-8.014493942260742,-0.2715898156166076,-5.4643940925598145,-0.0257350951433181,-0.8125932812690735,0.0220704581588506,-6.421341419219971,12.428873062133787,0.5925360918045044,0.793391764163971,-0.1946577429771423,-1.77221417427063,10.622363090515137,8.414926528930664,3.617575645446778,-0.2039552927017212,-0.0086955744773149,0.7782359719276428
2025-10-12T22:59:21.863,33152,368098,0,0,0,-7.966609477996826,-0.2811666429042816,-5.399750232696533,-0.0331960394978523,-0.8317785263061523,0.0154088977724313,-6.591329574584961,12.376200675964355,0.3052318394184112,0.7774040102958679,-0.2127771824598312,-1.807387113571167,10.51462459564209,8.584914207458496,3.866572380065918,-0.199691891670227,-0.0284137986600399,0.8155407309532166
2025-10-12T22:59:21.872,33153,368107,0,0,0,-7.839716911315918,-0.2691956162452698,-4.980765342712402,-0.0342618897557258,-0.8674845695495605,0.0092802606523036,-6.948065757751465,12.290009498596191,0.2932608425617218,0.8243014216423035,-0.2239686101675033,-1.825240135192871,10.490682601928713,8.97516918182373,4.108386993408203,-0.1959614157676696,-0.0185546856373548,0.8640368580818176
2025-10-12T22:59:21.881,33154,368116,0,0,0,-7.83732271194458,-0.2476478070020675,-4.887391567230225,-0.0305314138531684,-0.8962624669075012,0.0042174737900495,-7.328743457794189,11.890177726745604,0.5470461845397949,0.8765280842781067,-0.2442197650671005,-1.858281493186951,10.54814338684082,9.181070327758787,3.7660160064697266,-0.1389384418725967,-0.0273479484021663,0.881889820098877
2025-10-12T22:59:21.890,33155,368125,0,0,0,-7.9378790855407715,-0.2596188187599182,-4.779652118682861,-0.0321301892399787,-0.8922655582427979,0.0020857732743024,-7.462819099426269,11.543018341064451,0.1807333528995514,0.9047730565071106,-0.2703330814838409,-1.8889245986938477,10.507441520690918,9.18585968017578,3.428433895111084,-0.1157562211155891,-0.0406710729002952,0.8853538632392883
2025-10-12T22:59:21.900,33156,368134,0,0,0,-8.024070739746094,-0.2356768101453781,-4.398974418640137,-0.0273338705301284,-0.8850710391998291,0.0012863855808973,-7.501126289367676,11.447250366210938,-0.2214925289154052,0.9117010831832886,-0.2948476374149322,-1.8918557167053225,10.509836196899414,9.06375503540039,3.4811062812805176,-0.2002248018980026,-0.0364076718688011,0.9194610714912416
2025-10-12T22:59:21.908,33157,368143,0,0,0,-8.026464462280273,-0.1375145316123962,-4.269687175750732,-0.0174747556447982,-0.8917326331138611,0.0010199230164289,-7.6830854415893555,11.260502815246582,0.2429825961589813,0.9050395488739014,-0.314832329750061,-1.8790656328201296,10.536171913146973,8.589702606201172,3.430828094482422,-0.2743013799190521,-0.0286802612245082,0.9463737607002258
2025-10-12T22:59:21.918,33158,368152,0,0,0,-7.945061683654785,-0.0872363001108169,-4.391791820526123,-0.0105467289686203,-0.8927984237670898,0.0036845467984676,-7.79082441329956,11.040236473083496,0.0945421010255813,0.8711987733840942,-0.3188292682170868,-1.883328914642334,10.49307632446289,8.326340675354004,3.536172866821289,-0.2657745778560638,-0.01935407333076,0.98234623670578
2025-10-12T22:59:21.927,33159,368161,0,0,0,-7.866053104400635,-0.024987056851387,-4.154765605926514,-0.0060168802738189,-0.90345698595047,-0.0016447026282548,-7.62083625793457,11.294021606445312,-0.7290632724761963,0.9394131898880004,-0.3105689287185669,-1.8718711137771609,10.49307632446289,8.247331619262695,3.627152442932129,-0.2647087574005127,-0.0380064472556114,1.0478960275650024
2025-10-12T22:59:21.935,33160,368170,0,0,0,-7.6697282791137695,0.0564157962799072,-4.085333824157715,0.0046416223049163,-0.919711172580719,-0.0051087141036987,-7.630413055419922,11.143186569213867,-0.5064024925231934,0.9407455325126648,-0.304440289735794,-1.8572155237197876,10.646305084228516,8.036642074584961,3.6319408416748047,-0.2588465809822082,-0.0369405932724475,1.1067842245101929
2025-10-12T22:59:21.944,33161,368179,0,0,0,-7.56677770614624,0.0659926235675811,-4.264898777008057,0.0158330649137496,-0.9202441573143004,-0.006441025994718,-7.714210033416748,10.906160354614258,-0.1736084818840026,0.8469507098197937,-0.3212274312973022,-1.8795984983444216,10.727707862854004,7.859471321105957,3.5457496643066406,-0.1754438132047653,-0.0180217623710632,1.122771978378296
2025-10-12T22:59:21.953,33162,368189,0,0,0,-7.399183750152588,0.0803578197956085,-3.905768871307373,0.0235604792833328,-0.9468904137611388,0.001819310709834,-7.606471061706543,10.827152252197266,-0.3005011975765228,0.7835326790809631,-0.3548017144203186,-1.905445218086243,10.667853355407717,7.687088966369629,3.3925209045410156,-0.1130915954709053,0.0280762463808059,1.1470201015472412
2025-10-12T22:59:21.962,33163,368197,0,0,0,-7.104696750640869,0.1019056439399719,-3.5226964950561523,0.0318208038806915,-0.9948535561561584,0.013810122385621,-7.436482906341553,10.750537872314451,-0.4417590796947479,0.7696765661239624,-0.3694571256637573,-1.9033136367797852,10.624757766723633,7.440485954284668,3.1770424842834473,-0.113624520599842,0.0547224953770637,1.1800614595413208
2025-10-12T22:59:21.971,33164,368206,0,0,0,-6.870065212249756,0.1378186643123626,-3.5466384887695312,0.0424793064594268,-1.003113865852356,0.0260673966258764,-7.321560859680176,10.645193099975586,-0.6285067796707153,0.7203810811042786,-0.3382810056209564,-1.8955862522125244,10.598421096801758,7.39260196685791,3.2632336616516113,-0.101100780069828,0.066446840763092,1.204309582710266
2025-10-12T22:59:21.980,33165,368215,0,0,0,-6.656980991363525,0.0971172451972961,-3.283276081085205,0.0603322833776474,-1.007910132408142,0.0324624925851821,-7.259311676025391,10.657163619995115,-0.7434284687042236,0.6798787713050842,-0.3132335543632507,-1.913172721862793,10.785168647766112,7.418938159942627,3.315906047821045,-0.1016337051987648,0.0856321454048156,1.2200309038162231
2025-10-12T22:59:21.989,33166,368224,0,0,0,-6.5037522315979,0.068386822938919,-3.149200916290283,0.0843139141798019,-1.033490538597107,0.0303307976573705,-7.185091495513916,10.638010025024414,-0.5518923997879028,0.6534989476203918,-0.3068384528160095,-1.9230318069458008,10.852206230163574,7.038259983062744,2.923257112503052,-0.1256153285503387,0.0901620015501976,1.2016448974609375
2025-10-12T22:59:21.998,33167,368233,0,0,0,-6.429532051086426,0.099511444568634,-3.302429676055908,0.1061638295650482,-1.0409516096115112,0.0273997094482183,-7.18030309677124,10.453657150268556,-0.2669823467731476,0.6052692532539368,-0.3073713779449463,-1.9374208450317385,10.876148223876951,6.482805252075195,2.679048538208008,-0.1575908064842224,0.102685734629631,1.1763309240341189
2025-10-12T22:59:22.008,33168,368242,0,0,0,-6.163775444030762,0.0755694210529327,-2.976818561553955,0.131744235754013,-1.0401521921157837,0.0425880700349807,-6.96482515335083,10.24296760559082,-0.4728837311267853,0.5117409229278564,-0.2911171615123749,-1.9371542930603027,10.744467735290527,5.977628707885742,2.9088919162750244,-0.2348649501800537,0.1250685900449752,1.1483523845672607
2025-10-12T22:59:22.016,33169,368251,0,0,0,-6.032094478607178,-0.0656884908676147,-2.6823315620422363,0.1477319896221161,-1.0739928483963013,0.0372588187456131,-6.742164134979248,10.250149726867676,-0.6165357828140259,0.4898909628391266,-0.2764617204666137,-1.919301390647888,10.684612274169922,5.647228717803955,3.028602123260498,-0.3004146814346313,0.1442538946866989,1.1297000646591189
2025-10-12T22:59:22.027,33170,368260,0,0,0,-6.221236228942871,-0.0417464673519134,-3.1156821250915527,0.1578575670719146,-1.0774569511413574,0.0255344752222299,-6.720616340637207,10.034671783447266,-0.3914808332920074,0.551710307598114,-0.2836562097072601,-1.900115966796875,10.57447910308838,5.125292778015137,2.7341151237487793,-0.2902891337871551,0.1197393387556076,1.10891592502594
2025-10-12T22:59:22.034,33171,368269,0,0,0,-6.355311870574951,-0.0106218457221984,-3.23299789428711,0.1413368880748748,-1.0715947151184082,0.0263338591903448,-6.78525972366333,9.797645568847656,-0.4321822822093963,0.6028710603713989,-0.2908506989479065,-1.8785325288772583,10.54814338684082,4.739826202392578,2.916074514389038,-0.2900226712226867,0.1335953921079635,1.1075836420059204
2025-10-12T22:59:22.043,33172,368278,0,0,0,-6.276303291320801,-0.080053687095642,-2.890627145767212,0.1338759362697601,-1.0870494842529297,0.0297978688031435,-6.7972307205200195,9.656387329101562,-0.8631385564804077,0.6044698357582092,-0.2474173158407211,-1.834832787513733,10.58166217803955,4.88347864151001,3.165071487426758,-0.2900226712226867,0.1677025854587555,1.116376876831055
2025-10-12T22:59:22.052,33173,368287,0,0,0,-6.192505836486816,-0.2213115990161895,-2.9217519760131836,0.1458667516708374,-1.1051690578460691,0.029264947399497,-6.962430953979492,9.606109619140623,-1.0666457414627075,0.641774594783783,-0.1981217414140701,-1.782073140144348,10.782774925231934,5.055860996246338,2.8681905269622803,-0.2500533163547516,0.1887531280517578,1.09532630443573
2025-10-12T22:59:22.061,33174,368296,0,0,0,-6.237995624542236,-0.293137639760971,-3.046250343322754,0.1533277034759521,-1.105435490608215,0.0276661720126867,-7.053410530090332,9.653993606567385,-0.980454444885254,0.742497444152832,-0.1712090373039245,-1.733577013015747,10.938397407531738,5.072620391845703,2.671865940093994,-0.2023565173149109,0.1735647618770599,1.064416766166687
2025-10-12T22:59:22.070,33175,368305,0,0,0,-6.247572422027588,-0.302714467048645,-2.864290952682495,0.1583904922008514,-1.116626858711243,0.0284655559808015,-7.244946479797363,9.718637466430664,-0.7913124561309814,0.7512906789779663,-0.1418981701135635,-1.671757698059082,11.046136856079102,4.979246616363525,2.7556629180908203,-0.2207424342632293,0.1759629249572754,1.020450472831726
2025-10-12T22:59:22.079,33176,368314,0,0,0,-6.240389823913574,-0.2739840149879455,-2.8834445476531982,0.1570581793785095,-1.128617763519287,0.0295314062386751,-7.448453903198242,9.838346481323242,-0.614141583442688,0.7291743159294128,-0.103527583181858,-1.6384499073028564,11.019801139831545,4.735037803649902,2.7915759086608887,-0.2505862414836883,0.1844897270202636,0.9602298140525818
2025-10-12T22:59:22.088,33177,368323,0,0,0,-6.249966621398926,-0.2093405872583389,-3.0366735458374023,0.145600289106369,-1.1302164793014526,0.031929574906826,-7.577740669250488,9.91735553741455,-0.5040082931518555,0.6383106112480164,-0.0590283498167991,-1.6166000366210938,10.833052635192873,4.500406265258789,2.9304397106170654,-0.2617776393890381,0.1892860531806945,0.922658622264862
2025-10-12T22:59:22.097,33178,368332,0,0,0,-6.281091690063477,-0.1063899099826812,-3.0725865364074707,0.1309448480606079,-1.1224889755249023,0.0271332468837499,-7.623230457305908,9.869471549987791,-0.5016140937805176,0.5189353823661804,-0.0158614236861467,-1.595549464225769,10.770803451538086,4.344783306121826,3.2775988578796387,-0.2809629440307617,0.2127347588539123,0.9311854243278505
2025-10-12T22:59:22.107,33179,368341,0,0,0,-6.28827428817749,-0.1207551211118698,-3.11807632446289,0.1285466849803924,-1.1139622926712036,0.0100796483457088,-7.606471061706543,9.776098251342772,-0.7841298580169678,0.4355326294898987,0.0137159116566181,-1.5561130046844482,10.85699462890625,4.014383316040039,3.313511848449707,-0.2932202219963074,0.2521711885929107,0.9341164827346802
2025-10-12T22:59:22.116,33180,368351,0,0,0,-6.386436462402344,-0.1303319334983825,-3.23299789428711,0.1400045752525329,-1.1073007583618164,-0.0210964623838663,-7.58731746673584,9.598926544189451,-0.8942631483078003,0.3723810017108917,0.0414280071854591,-1.486299753189087,10.892908096313477,3.7198965549468994,3.1985902786254883,-0.2266045957803726,0.2489736527204513,0.9101349115371704
2025-10-12T22:59:22.125,33181,368360,0,0,0,-6.506146430969238,-0.1279377341270446,-3.216238498687744,0.1493307650089264,-1.1083664894104004,-0.049874410033226,-7.668720245361328,9.57737922668457,-0.7099096775054932,0.3406719863414764,0.0483560338616371,-1.4330072402954102,10.85699462890625,3.399073600769043,3.3973093032836914,-0.199691891670227,0.2455096393823623,0.874162495136261
2025-10-12T22:59:22.134,33182,368369,0,0,0,-6.647404193878174,-0.1231493279337883,-3.331160068511963,0.1554593741893768,-1.0985074043273926,-0.0746554210782051,-7.831526279449463,9.642023086547852,-0.4728837311267853,0.2892447113990783,0.0352993682026863,-1.370921611785889,10.804322242736816,3.2266910076141357,3.6774306297302246,-0.1695816218852996,0.2271237224340438,0.8323279023170471
2025-10-12T22:59:22.143,33183,368378,0,0,0,-6.810210227966309,-0.1973695755004882,-3.1875081062316895,0.1602557003498077,-1.0854507684707642,-0.0941071808338165,-8.221780776977539,9.665964126586914,-0.2765591442584991,0.1882554441690445,0.0238414872437715,-1.3189613819122314,10.818687438964844,3.490053176879883,3.9647350311279297,-0.0912416726350784,0.2004774808883667,0.8128761053085327
2025-10-12T22:59:22.152,33184,368387,0,0,0,-7.04723596572876,-0.2787724435329437,-3.091740131378174,0.1754440665245056,-1.0606697797775269,-0.1103613898158073,-8.465989112854004,9.63723373413086,-0.0347447991371154,0.08406862616539,0.0070543489418923,-1.291515827178955,10.852206230163574,3.6720123291015625,4.290346145629883,-0.0760533064603805,0.1991451680660247,0.7782359719276428
2025-10-12T22:59:22.161,33185,368396,0,0,0,-7.358482360839844,-0.3793289065361023,-2.8523199558258057,0.1900995075702667,-1.0220327377319336,-0.1207534223794937,-8.43486499786377,9.51034164428711,0.2429825961589813,0.0097255911678075,-0.0435735248029232,-1.2640701532363892,10.835447311401367,3.5810327529907227,4.120357990264893,-0.1122922077775001,0.1900854408740997,0.7174825072288513
2025-10-12T22:59:22.172,33186,368405,0,0,0,-7.686487674713135,-0.4272129535675049,-2.9289345741271973,0.1996921598911285,-0.9767341017723083,-0.1196875795722007,-8.461200714111328,9.45527458190918,0.166368156671524,-0.0576894171535968,-0.0851416736841201,-1.219038009643555,10.651093482971191,3.59539794921875,4.115569591522217,-0.1487975567579269,0.1605081111192703,0.6769802570343018
2025-10-12T22:59:22.179,33187,368414,0,0,0,-7.988157272338867,-0.4703085720539093,-3.0342793464660645,0.1914318203926086,-0.9330342411994934,-0.1130260154604911,-8.918493270874023,9.38823699951172,0.2142521888017654,-0.1696036607027053,-0.0371784232556819,-1.1875953674316406,10.619969367980955,3.9784703254699703,4.285557746887207,-0.1631865352392196,0.1613074839115142,0.6929680109024048
2025-10-12T22:59:22.188,33188,368423,0,0,0,-8.20842456817627,-0.3793289065361023,-2.974424362182617,0.1765099465847015,-0.8821399807929993,-0.1095620021224021,-9.189038276672363,9.03628921508789,0.1496087312698364,-0.2919099628925323,0.0451584830880165,-1.1846643686294556,10.813899040222168,4.150852680206299,4.551314353942871,-0.1320104151964187,0.1786275506019592,0.70655757188797
2025-10-12T22:59:22.197,33189,368432,0,0,0,-8.601073265075684,-0.2859550416469574,-2.797253370285034,0.1679831445217132,-0.8067310452461243,-0.1130260154604911,-9.122000694274902,8.653217315673828,0.0394754558801651,-0.3174903392791748,0.0494218841195106,-1.2105112075805664,10.885725021362305,4.076632499694824,4.400479793548584,-0.0661941990256309,0.1567776352167129,0.6831088662147522
2025-10-12T22:59:22.208,33190,368441,0,0,0,-8.905137062072754,-0.2787724435329437,-2.732609748840332,0.1655849516391754,-0.737983763217926,-0.1159571036696434,-9.004684448242188,8.368307113647461,0.1041188985109329,-0.2785868346691131,0.0091860499233007,-1.2227684259414673,10.646305084228516,4.0694499015808105,4.204154968261719,-0.00144381262362,0.1053503602743148,0.646869957447052
2025-10-12T22:59:22.215,33191,368450,0,0,0,-9.139768600463867,-0.3218680620193481,-2.641630172729492,0.1653185188770294,-0.692152202129364,-0.115690641105175,-9.028626441955566,8.26775074005127,0.2693188190460205,-0.2162345796823501,-0.0331814885139465,-1.2217026948928833,10.54814338684082,4.009594917297363,4.354989528656006,-0.0446107350289821,0.0936260148882865,0.6220889687538147
2025-10-12T22:59:22.224,33192,368459,0,0,0,-9.302574157714844,-0.3936941027641296,-2.6583895683288574,0.1735788285732269,-0.652715802192688,-0.1175558716058731,-9.148337364196776,8.112127304077148,0.3243854641914367,-0.1624091565608978,-0.0201248247176408,-1.2070471048355105,10.54814338684082,4.052690505981445,4.5417375564575195,-0.0853794962167739,0.0387347489595413,0.6055682897567749
2025-10-12T22:59:22.233,33193,368468,0,0,0,-9.348064422607422,-0.4032709300518036,-2.6176881790161133,0.1781086921691894,-0.6186085343360901,-0.1204869672656059,-9.157914161682127,8.049878120422363,0.288472443819046,-0.1480202078819275,0.01504822447896,-1.1921253204345703,10.636728286743164,4.186765670776367,4.596804141998291,-0.1122922077775001,0.0150195872411131,0.577856183052063
2025-10-12T22:59:22.242,33194,368477,0,0,0,-9.221171379089355,-0.4056651294231415,-2.4333348274230957,0.1869019567966461,-0.5967586636543274,-0.1204869672656059,-9.138760566711426,8.150434494018555,0.3770579099655151,-0.1176434755325317,0.0147817619144916,-1.181200385093689,10.576873779296877,4.0479021072387695,4.618351936340332,-0.1162891462445259,-0.0004352374235168,0.5381532311439514
2025-10-12T22:59:22.251,33195,368486,0,0,0,-9.053577423095703,-0.4439723491668701,-2.311230421066284,0.2098177373409271,-0.5754416584968567,-0.1268820762634277,-9.148337364196776,8.239020347595215,0.5135273933410645,-0.0526266358792781,-0.0377113483846187,-1.180134415626526,10.351818084716797,3.818058729171753,4.4986419677734375,-0.0720563679933548,0.0048940125852823,0.517902135848999
2025-10-12T22:59:22.260,33196,368495,0,0,0,-8.981751441955566,-0.5373462438583374,-2.2561635971069336,0.2377963066101074,-0.5567892789840698,-0.1362082660198211,-9.201009750366213,8.239020347595215,0.4752201735973358,-0.0307767055928707,-0.1165842413902282,-1.1870625019073486,10.33505916595459,3.437380790710449,4.414844989776611,-0.0251589734107255,0.0251451600342988,0.511240541934967
2025-10-12T22:59:22.269,33197,368504,0,0,0,-9.046395301818848,-0.6594505310058594,-2.354326009750366,0.264176070690155,-0.5373375415802002,-0.1426033526659011,-9.37578582763672,8.02833080291748,0.0418696552515029,-0.1165776252746582,-0.1629487127065658,-1.1878618001937866,10.667853355407717,2.848407030105591,4.326259136199951,0.001487273722887,0.0347378104925155,0.5256295204162598
2025-10-12T22:59:22.278,33198,368513,0,0,0,-9.223566055297852,-0.7863432168960571,-2.6128997802734375,0.2727029025554657,-0.5146881937980652,-0.1394058018922805,-10.086864471435549,7.523154258728027,-0.7386400699615479,-0.3510646224021911,-0.1235122680664062,-1.1452277898788452,11.254432678222656,2.470123291015625,4.091627597808838,0.112335667014122,0.045662771910429,0.5642666220664978
2025-10-12T22:59:22.287,33199,368522,0,0,0,-9.350458145141602,-0.8509865999221802,-2.6559953689575195,0.2545834481716156,-0.4872425198554992,-0.122618667781353,-10.95835304260254,7.499212265014648,-0.7075154781341553,-0.630050778388977,0.0182457733899354,-1.0378435850143433,12.147469520568848,2.6329288482666016,4.031772613525391,0.2538272440433502,0.069910854101181,0.6106310486793518
2025-10-12T22:59:22.296,33200,368531,0,0,0,-9.747896194458008,-0.8773229122161865,-2.517131805419922,0.2345987558364868,-0.457665205001831,-0.1034333631396293,-10.577675819396973,7.662017822265625,-0.2406461536884308,-0.6082009077072144,0.1136393398046493,-0.917402446269989,12.116345405578612,3.305699586868286,3.72770881652832,0.2636863589286804,0.1024192795157432,0.6063676476478577
2025-10-12T22:59:22.305,33201,368540,0,0,0,-10.00407600402832,-0.953937292098999,-2.531497001647949,0.2172786891460418,-0.4240909814834595,-0.086113303899765,-9.811531066894531,7.640470027923584,0.0490522682666778,-0.2988379597663879,0.085927240550518,-0.7918986082077026,11.343017578125,3.6504645347595215,3.6630654335021977,0.277542382478714,0.102685734629631,0.5258960127830505
2025-10-12T22:59:22.317,33202,368549,0,0,0,-10.09744930267334,-1.030551791191101,-2.572198390960694,0.1911653578281402,-0.4065044522285461,-0.0669280067086219,-9.471553802490234,7.800881385803223,0.0873594880104065,0.0973917469382286,-0.0105321742594242,-0.6855800747871399,11.062896728515623,3.34640121459961,3.2153496742248535,0.1914750337600708,0.0978894159197807,0.4427597522735595
2025-10-12T22:59:22.323,33203,368558,0,0,0,-9.984922409057615,-1.0353401899337769,-2.670360565185547,0.1591898798942566,-0.3961123824119568,-0.0469433218240737,-9.205798149108888,7.882284164428711,0.1041188985109329,0.4187454879283905,-0.1027281880378723,-0.6290900707244873,10.265626907348633,3.195566177368164,3.7923521995544434,-0.0342186987400054,0.0893626138567924,0.4163799285888672
2025-10-12T22:59:22.332,33204,368567,0,0,0,-9.810145378112791,-0.973090887069702,-2.708667755126953,0.129612535238266,-0.3761277198791504,-0.0325543507933616,-9.25847053527832,7.920591354370117,-0.2167041301727295,0.542917013168335,-0.1461615711450576,-0.595515787601471,10.512229919433594,2.7215144634246826,4.105992794036865,-0.1567914336919784,0.0685785412788391,0.3748118281364441
2025-10-12T22:59:22.341,33205,368576,0,0,0,-9.692829132080078,-0.8342272043228149,-2.7685227394104004,0.1069632172584533,-0.3542777895927429,-0.0234946236014366,-9.212980270385742,7.99481201171875,-0.513585090637207,0.4874927997589111,-0.1344372183084488,-0.552082359790802,10.61757469177246,1.9242451190948489,4.220914363861084,-0.2175448685884475,0.1037515923380851,0.343102753162384
2025-10-12T22:59:22.350,33206,368585,0,0,0,-9.604244232177734,-0.6642389297485352,-2.80204176902771,0.0872450023889541,-0.3262991905212402,-0.0157672129571437,-9.205798149108888,8.15282917022705,-0.4752779304981231,0.3753120899200439,-0.1157848536968231,-0.5014545321464539,10.603209495544434,0.9833240509033204,4.527372360229492,-0.1882340013980865,0.0488603226840496,0.2914090454578399
2025-10-12T22:59:22.359,33207,368594,0,0,0,-9.530023574829102,-0.5780476331710815,-2.773311138153076,0.0757871121168136,-0.2961889505386352,-0.0128361256793141,-9.394939422607422,8.581391334533691,-0.2310693264007568,0.292442262172699,-0.1019288077950477,-0.4292431473731994,10.710948944091797,0.2746400833129883,4.659053325653076,-0.0877776592969894,0.018217135220766,0.2325208485126495
2025-10-12T22:59:22.368,33208,368603,0,0,0,-9.546783447265623,-0.5229810476303101,-2.7709169387817383,0.076053574681282,-0.2631475925445556,-0.0157672129571437,-9.517044067382812,9.065019607543944,0.010745033621788,0.2546046078205108,-0.0958001688122749,-0.3335831463336944,10.782774925231934,0.104651927947998,4.606380939483643,0.0297322981059551,0.0019629248417913,0.1720338463783264
2025-10-12T22:59:22.377,33209,368612,0,0,0,-9.630579948425291,-0.5014331936836243,-2.876261949539185,0.079517588019371,-0.2231782227754593,-0.013901975005865,-9.59605312347412,9.227825164794922,-0.1999447047710418,0.1778634190559387,-0.0854081287980079,-0.2243335098028183,10.770803451538086,0.3584375381469726,4.283163547515869,0.1576343029737472,0.0046275500208139,0.1075499430298805
2025-10-12T22:59:22.386,33210,368621,0,0,0,-9.80296230316162,-0.5277694463729858,-2.864290952682495,0.0741883367300033,-0.1773466914892196,-0.0013782382011413,-9.792377471923828,9.110509872436523,-0.5662575960159302,0.0321084409952163,-0.0363790355622768,-0.1260088682174682,10.94797420501709,0.7415094375610352,4.022195816040039,0.2516955435276031,0.0128878867253661,0.0622513219714164
2025-10-12T22:59:22.395,33211,368630,0,0,0,-10.00407600402832,-0.5564998388290405,-2.8140127658843994,0.0640627592802047,-0.1304492950439453,0.0180735234171152,-10.113200187683104,8.897425651550293,-0.6955444812774658,-0.1336312294006347,0.0371646098792552,-0.0561956949532032,11.271191596984863,1.2371094226837158,3.8569955825805664,0.2655515968799591,0.0208817608654499,0.0254794955253601
